Date,ProductID,ProductName,SupplierID,Quantity,CostPrice,SellPrice,StockQty,MinStock,PromotionFlag,HolidayFlag
2023-01-01,P001,Rice 5kg,S01,55,200,250,91,30,0,1
2023-01-01,P002,Milk 1L,S02,47,35,50,107,50,0,1
2023-01-01,P003,Wheat 5kg,S01,53,180,230,21,40,0,1
2023-01-01,P004,Sugar 1kg,S03,33,40,60,40,60,0,1
2023-01-02,P001,Rice 5kg,S01,31,200,250,34,30,0,0
2023-01-02,P002,Milk 1L,S02,16,35,50,92,50,0,0
2023-01-02,P003,Wheat 5kg,S01,20,180,230,28,40,0,0
2023-01-02,P004,Sugar 1kg,S03,13,40,60,191,60,0,0
2023-01-03,P001,Rice 5kg,S01,55,200,250,123,30,0,0
2023-01-03,P002,Milk 1L,S02,11,35,50,165,50,0,0
2023-01-03,P003,Wheat 5kg,S01,41,180,230,114,40,1,0
2023-01-03,P004,Sugar 1kg,S03,18,40,60,59,60,1,0
2023-01-04,P001,Rice 5kg,S01,28,200,250,143,30,0,0
2023-01-04,P002,Milk 1L,S02,44,35,50,90,50,0,0
2023-01-04,P003,Wheat 5kg,S01,7,180,230,158,40,0,0
2023-01-04,P004,Sugar 1kg,S03,20,40,60,24,60,1,0
2023-01-05,P001,Rice 5kg,S01,45,200,250,181,30,0,0
2023-01-05,P002,Milk 1L,S02,35,35,50,191,50,0,0
2023-01-05,P003,Wheat 5kg,S01,37,180,230,194,40,0,0
2023-01-05,P004,Sugar 1kg,S03,12,40,60,161,60,0,0
2023-01-06,P001,Rice 5kg,S01,21,200,250,143,30,0,0
2023-01-06,P002,Milk 1L,S02,44,35,50,115,50,0,0
2023-01-06,P003,Wheat 5kg,S01,41,180,230,190,40,0,0
2023-01-06,P004,Sugar 1kg,S03,14,40,60,105,60,1,0
2023-01-07,P001,Rice 5kg,S01,14,200,250,103,30,1,1
2023-01-07,P002,Milk 1L,S02,18,35,50,148,50,0,1
2023-01-07,P003,Wheat 5kg,S01,28,180,230,174,40,0,1
2023-01-07,P004,Sugar 1kg,S03,50,40,60,171,60,1,1
2023-01-08,P001,Rice 5kg,S01,41,200,250,132,30,0,1
2023-01-08,P002,Milk 1L,S02,17,35,50,132,50,0,1
2023-01-08,P003,Wheat 5kg,S01,25,180,230,148,40,0,1
2023-01-08,P004,Sugar 1kg,S03,11,40,60,179,60,0,1
2023-01-09,P001,Rice 5kg,S01,18,200,250,57,30,0,0
2023-01-09,P002,Milk 1L,S02,46,35,50,163,50,1,0
2023-01-09,P003,Wheat 5kg,S01,17,180,230,183,40,0,0
2023-01-09,P004,Sugar 1kg,S03,16,40,60,71,60,1,0
2023-01-10,P001,Rice 5kg,S01,47,200,250,148,30,0,0
2023-01-10,P002,Milk 1L,S02,28,35,50,61,50,0,0
2023-01-10,P003,Wheat 5kg,S01,30,180,230,79,40,0,0
2023-01-10,P004,Sugar 1kg,S03,15,40,60,28,60,0,0
2023-01-11,P001,Rice 5kg,S01,30,200,250,183,30,1,0
2023-01-11,P002,Milk 1L,S02,30,35,50,118,50,1,0
2023-01-11,P003,Wheat 5kg,S01,21,180,230,73,40,0,0
2023-01-11,P004,Sugar 1kg,S03,49,40,60,40,60,0,0
2023-01-12,P001,Rice 5kg,S01,22,200,250,52,30,0,0
2023-01-12,P002,Milk 1L,S02,27,35,50,57,50,1,0
2023-01-12,P003,Wheat 5kg,S01,19,180,230,49,40,0,0
2023-01-12,P004,Sugar 1kg,S03,35,40,60,166,60,0,0
2023-01-13,P001,Rice 5kg,S01,23,200,250,114,30,1,0
2023-01-13,P002,Milk 1L,S02,30,35,50,179,50,1,0
2023-01-13,P003,Wheat 5kg,S01,8,180,230,73,40,0,0
2023-01-13,P004,Sugar 1kg,S03,36,40,60,194,60,1,0
2023-01-14,P001,Rice 5kg,S01,8,200,250,36,30,1,1
2023-01-14,P002,Milk 1L,S02,21,35,50,189,50,1,1
2023-01-14,P003,Wheat 5kg,S01,39,180,230,79,40,0,1
2023-01-14,P004,Sugar 1kg,S03,51,40,60,163,60,0,1
2023-01-15,P001,Rice 5kg,S01,31,200,250,70,30,0,1
2023-01-15,P002,Milk 1L,S02,32,35,50,199,50,0,1
2023-01-15,P003,Wheat 5kg,S01,22,180,230,27,40,0,1
2023-01-15,P004,Sugar 1kg,S03,13,40,60,135,60,0,1
2023-01-16,P001,Rice 5kg,S01,47,200,250,32,30,1,0
2023-01-16,P002,Milk 1L,S02,38,35,50,109,50,0,0
2023-01-16,P003,Wheat 5kg,S01,31,180,230,148,40,0,0
2023-01-16,P004,Sugar 1kg,S03,9,40,60,137,60,0,0
2023-01-17,P001,Rice 5kg,S01,62,200,250,88,30,0,0
2023-01-17,P002,Milk 1L,S02,9,35,50,105,50,0,0
2023-01-17,P003,Wheat 5kg,S01,15,180,230,113,40,1,0
2023-01-17,P004,Sugar 1kg,S03,14,40,60,195,60,1,0
2023-01-18,P001,Rice 5kg,S01,38,200,250,42,30,0,0
2023-01-18,P002,Milk 1L,S02,19,35,50,157,50,0,0
2023-01-18,P003,Wheat 5kg,S01,49,180,230,23,40,0,0
2023-01-18,P004,Sugar 1kg,S03,27,40,60,147,60,0,0
2023-01-19,P001,Rice 5kg,S01,30,200,250,143,30,0,0
2023-01-19,P002,Milk 1L,S02,48,35,50,187,50,1,0
2023-01-19,P003,Wheat 5kg,S01,26,180,230,149,40,0,0
2023-01-19,P004,Sugar 1kg,S03,41,40,60,112,60,1,0
2023-01-20,P001,Rice 5kg,S01,32,200,250,154,30,0,0
2023-01-20,P002,Milk 1L,S02,26,35,50,40,50,1,0
2023-01-20,P003,Wheat 5kg,S01,38,180,230,196,40,0,0
2023-01-20,P004,Sugar 1kg,S03,42,40,60,171,60,1,0
2023-01-21,P001,Rice 5kg,S01,49,200,250,32,30,0,1
2023-01-21,P002,Milk 1L,S02,44,35,50,105,50,0,1
2023-01-21,P003,Wheat 5kg,S01,26,180,230,166,40,0,1
2023-01-21,P004,Sugar 1kg,S03,16,40,60,163,60,0,1
2023-01-22,P001,Rice 5kg,S01,46,200,250,72,30,0,1
2023-01-22,P002,Milk 1L,S02,37,35,50,186,50,1,1
2023-01-22,P003,Wheat 5kg,S01,17,180,230,94,40,0,1
2023-01-22,P004,Sugar 1kg,S03,20,40,60,156,60,1,1
2023-01-23,P001,Rice 5kg,S01,5,200,250,102,30,0,0
2023-01-23,P002,Milk 1L,S02,14,35,50,90,50,1,0
2023-01-23,P003,Wheat 5kg,S01,11,180,230,38,40,0,0
2023-01-23,P004,Sugar 1kg,S03,46,40,60,58,60,0,0
2023-01-24,P001,Rice 5kg,S01,21,200,250,167,30,0,0
2023-01-24,P002,Milk 1L,S02,53,35,50,132,50,0,0
2023-01-24,P003,Wheat 5kg,S01,30,180,230,39,40,0,0
2023-01-24,P004,Sugar 1kg,S03,26,40,60,31,60,1,0
2023-01-25,P001,Rice 5kg,S01,32,200,250,175,30,0,0
2023-01-25,P002,Milk 1L,S02,40,35,50,79,50,0,0
2023-01-25,P003,Wheat 5kg,S01,34,180,230,174,40,0,0
2023-01-25,P004,Sugar 1kg,S03,22,40,60,176,60,0,0
2023-01-26,P001,Rice 5kg,S01,49,200,250,29,30,1,0
2023-01-26,P002,Milk 1L,S02,9,35,50,82,50,0,0
2023-01-26,P003,Wheat 5kg,S01,37,180,230,124,40,0,0
2023-01-26,P004,Sugar 1kg,S03,12,40,60,152,60,1,0
2023-01-27,P001,Rice 5kg,S01,39,200,250,97,30,0,0
2023-01-27,P002,Milk 1L,S02,17,35,50,132,50,0,0
2023-01-27,P003,Wheat 5kg,S01,40,180,230,173,40,0,0
2023-01-27,P004,Sugar 1kg,S03,12,40,60,73,60,1,0
2023-01-28,P001,Rice 5kg,S01,47,200,250,131,30,0,1
2023-01-28,P002,Milk 1L,S02,36,35,50,85,50,1,1
2023-01-28,P003,Wheat 5kg,S01,39,180,230,57,40,0,1
2023-01-28,P004,Sugar 1kg,S03,25,40,60,71,60,0,1
2023-01-29,P001,Rice 5kg,S01,48,200,250,125,30,1,1
2023-01-29,P002,Milk 1L,S02,18,35,50,164,50,0,1
2023-01-29,P003,Wheat 5kg,S01,29,180,230,62,40,0,1
2023-01-29,P004,Sugar 1kg,S03,24,40,60,137,60,0,1
2023-01-30,P001,Rice 5kg,S01,9,200,250,115,30,0,0
2023-01-30,P002,Milk 1L,S02,32,35,50,111,50,0,0
2023-01-30,P003,Wheat 5kg,S01,22,180,230,31,40,0,0
2023-01-30,P004,Sugar 1kg,S03,34,40,60,174,60,0,0
2023-01-31,P001,Rice 5kg,S01,41,200,250,45,30,1,0
2023-01-31,P002,Milk 1L,S02,20,35,50,66,50,0,0
2023-01-31,P003,Wheat 5kg,S01,26,180,230,97,40,0,0
2023-01-31,P004,Sugar 1kg,S03,35,40,60,37,60,0,0
2023-02-01,P001,Rice 5kg,S01,42,200,250,138,30,0,0
2023-02-01,P002,Milk 1L,S02,20,35,50,105,50,0,0
2023-02-01,P003,Wheat 5kg,S01,42,180,230,87,40,0,0
2023-02-01,P004,Sugar 1kg,S03,18,40,60,53,60,0,0
2023-02-02,P001,Rice 5kg,S01,48,200,250,188,30,0,0
2023-02-02,P002,Milk 1L,S02,37,35,50,78,50,1,0
2023-02-02,P003,Wheat 5kg,S01,59,180,230,40,40,0,0
2023-02-02,P004,Sugar 1kg,S03,17,40,60,113,60,0,0
2023-02-03,P001,Rice 5kg,S01,11,200,250,59,30,0,0
2023-02-03,P002,Milk 1L,S02,25,35,50,94,50,1,0
2023-02-03,P003,Wheat 5kg,S01,18,180,230,45,40,0,0
2023-02-03,P004,Sugar 1kg,S03,10,40,60,38,60,0,0
2023-02-04,P001,Rice 5kg,S01,25,200,250,109,30,0,1
2023-02-04,P002,Milk 1L,S02,49,35,50,119,50,0,1
2023-02-04,P003,Wheat 5kg,S01,7,180,230,191,40,0,1
2023-02-04,P004,Sugar 1kg,S03,56,40,60,120,60,0,1
2023-02-05,P001,Rice 5kg,S01,19,200,250,182,30,0,1
2023-02-05,P002,Milk 1L,S02,9,35,50,156,50,0,1
2023-02-05,P003,Wheat 5kg,S01,45,180,230,91,40,1,1
2023-02-05,P004,Sugar 1kg,S03,39,40,60,184,60,1,1
2023-02-06,P001,Rice 5kg,S01,23,200,250,61,30,0,0
2023-02-06,P002,Milk 1L,S02,48,35,50,51,50,0,0
2023-02-06,P003,Wheat 5kg,S01,48,180,230,172,40,0,0
2023-02-06,P004,Sugar 1kg,S03,11,40,60,198,60,0,0
2023-02-07,P001,Rice 5kg,S01,23,200,250,61,30,0,0
2023-02-07,P002,Milk 1L,S02,31,35,50,174,50,0,0
2023-02-07,P003,Wheat 5kg,S01,52,180,230,174,40,0,0
2023-02-07,P004,Sugar 1kg,S03,14,40,60,142,60,0,0
2023-02-08,P001,Rice 5kg,S01,48,200,250,128,30,0,0
2023-02-08,P002,Milk 1L,S02,29,35,50,66,50,0,0
2023-02-08,P003,Wheat 5kg,S01,12,180,230,46,40,0,0
2023-02-08,P004,Sugar 1kg,S03,31,40,60,153,60,0,0
2023-02-09,P001,Rice 5kg,S01,48,200,250,160,30,0,0
2023-02-09,P002,Milk 1L,S02,29,35,50,79,50,0,0
2023-02-09,P003,Wheat 5kg,S01,56,180,230,56,40,0,0
2023-02-09,P004,Sugar 1kg,S03,35,40,60,70,60,0,0
2023-02-10,P001,Rice 5kg,S01,39,200,250,109,30,1,0
2023-02-10,P002,Milk 1L,S02,32,35,50,168,50,0,0
2023-02-10,P003,Wheat 5kg,S01,14,180,230,173,40,0,0
2023-02-10,P004,Sugar 1kg,S03,33,40,60,110,60,0,0
2023-02-11,P001,Rice 5kg,S01,34,200,250,107,30,0,1
2023-02-11,P002,Milk 1L,S02,39,35,50,175,50,0,1
2023-02-11,P003,Wheat 5kg,S01,17,180,230,82,40,1,1
2023-02-11,P004,Sugar 1kg,S03,17,40,60,198,60,0,1
2023-02-12,P001,Rice 5kg,S01,26,200,250,68,30,0,1
2023-02-12,P002,Milk 1L,S02,46,35,50,20,50,0,1
2023-02-12,P003,Wheat 5kg,S01,11,180,230,185,40,0,1
2023-02-12,P004,Sugar 1kg,S03,21,40,60,129,60,0,1
2023-02-13,P001,Rice 5kg,S01,46,200,250,84,30,0,0
2023-02-13,P002,Milk 1L,S02,9,35,50,91,50,0,0
2023-02-13,P003,Wheat 5kg,S01,39,180,230,27,40,0,0
2023-02-13,P004,Sugar 1kg,S03,54,40,60,161,60,0,0
2023-02-14,P001,Rice 5kg,S01,22,200,250,144,30,1,0
2023-02-14,P002,Milk 1L,S02,37,35,50,66,50,0,0
2023-02-14,P003,Wheat 5kg,S01,17,180,230,138,40,0,0
2023-02-14,P004,Sugar 1kg,S03,12,40,60,156,60,0,0
2023-02-15,P001,Rice 5kg,S01,58,200,250,43,30,0,0
2023-02-15,P002,Milk 1L,S02,39,35,50,147,50,0,0
2023-02-15,P003,Wheat 5kg,S01,22,180,230,44,40,0,0
2023-02-15,P004,Sugar 1kg,S03,31,40,60,56,60,0,0
2023-02-16,P001,Rice 5kg,S01,27,200,250,60,30,0,0
2023-02-16,P002,Milk 1L,S02,24,35,50,95,50,0,0
2023-02-16,P003,Wheat 5kg,S01,38,180,230,31,40,0,0
2023-02-16,P004,Sugar 1kg,S03,17,40,60,141,60,0,0
2023-02-17,P001,Rice 5kg,S01,7,200,250,70,30,0,0
2023-02-17,P002,Milk 1L,S02,24,35,50,30,50,0,0
2023-02-17,P003,Wheat 5kg,S01,50,180,230,74,40,0,0
2023-02-17,P004,Sugar 1kg,S03,35,40,60,55,60,0,0
2023-02-18,P001,Rice 5kg,S01,29,200,250,128,30,0,1
2023-02-18,P002,Milk 1L,S02,22,35,50,59,50,0,1
2023-02-18,P003,Wheat 5kg,S01,38,180,230,44,40,0,1
2023-02-18,P004,Sugar 1kg,S03,6,40,60,198,60,0,1
2023-02-19,P001,Rice 5kg,S01,33,200,250,68,30,0,1
2023-02-19,P002,Milk 1L,S02,22,35,50,31,50,0,1
2023-02-19,P003,Wheat 5kg,S01,38,180,230,100,40,0,1
2023-02-19,P004,Sugar 1kg,S03,31,40,60,108,60,0,1
2023-02-20,P001,Rice 5kg,S01,34,200,250,98,30,0,0
2023-02-20,P002,Milk 1L,S02,14,35,50,78,50,1,0
2023-02-20,P003,Wheat 5kg,S01,31,180,230,165,40,0,0
2023-02-20,P004,Sugar 1kg,S03,42,40,60,117,60,1,0
2023-02-21,P001,Rice 5kg,S01,48,200,250,58,30,0,0
2023-02-21,P002,Milk 1L,S02,16,35,50,180,50,1,0
2023-02-21,P003,Wheat 5kg,S01,9,180,230,81,40,0,0
2023-02-21,P004,Sugar 1kg,S03,29,40,60,122,60,0,0
2023-02-22,P001,Rice 5kg,S01,7,200,250,161,30,0,0
2023-02-22,P002,Milk 1L,S02,15,35,50,195,50,0,0
2023-02-22,P003,Wheat 5kg,S01,23,180,230,107,40,0,0
2023-02-22,P004,Sugar 1kg,S03,52,40,60,58,60,1,0
2023-02-23,P001,Rice 5kg,S01,32,200,250,172,30,0,0
2023-02-23,P002,Milk 1L,S02,15,35,50,129,50,0,0
2023-02-23,P003,Wheat 5kg,S01,41,180,230,22,40,1,0
2023-02-23,P004,Sugar 1kg,S03,13,40,60,81,60,1,0
2023-02-24,P001,Rice 5kg,S01,16,200,250,139,30,0,0
2023-02-24,P002,Milk 1L,S02,36,35,50,117,50,0,0
2023-02-24,P003,Wheat 5kg,S01,9,180,230,172,40,1,0
2023-02-24,P004,Sugar 1kg,S03,16,40,60,158,60,0,0
2023-02-25,P001,Rice 5kg,S01,28,200,250,152,30,0,1
2023-02-25,P002,Milk 1L,S02,18,35,50,47,50,0,1
2023-02-25,P003,Wheat 5kg,S01,26,180,230,86,40,0,1
2023-02-25,P004,Sugar 1kg,S03,44,40,60,52,60,1,1
2023-02-26,P001,Rice 5kg,S01,35,200,250,78,30,1,1
2023-02-26,P002,Milk 1L,S02,27,35,50,189,50,0,1
2023-02-26,P003,Wheat 5kg,S01,41,180,230,64,40,1,1
2023-02-26,P004,Sugar 1kg,S03,47,40,60,126,60,0,1
2023-02-27,P001,Rice 5kg,S01,40,200,250,96,30,0,0
2023-02-27,P002,Milk 1L,S02,41,35,50,174,50,1,0
2023-02-27,P003,Wheat 5kg,S01,19,180,230,107,40,1,0
2023-02-27,P004,Sugar 1kg,S03,12,40,60,82,60,0,0
2023-02-28,P001,Rice 5kg,S01,33,200,250,167,30,0,0
2023-02-28,P002,Milk 1L,S02,11,35,50,169,50,0,0
2023-02-28,P003,Wheat 5kg,S01,3,180,230,69,40,1,0
2023-02-28,P004,Sugar 1kg,S03,37,40,60,199,60,0,0
2023-03-01,P001,Rice 5kg,S01,14,200,250,77,30,0,0
2023-03-01,P002,Milk 1L,S02,42,35,50,58,50,0,0
2023-03-01,P003,Wheat 5kg,S01,42,180,230,149,40,0,0
2023-03-01,P004,Sugar 1kg,S03,31,40,60,100,60,1,0
2023-03-02,P001,Rice 5kg,S01,42,200,250,20,30,0,0
2023-03-02,P002,Milk 1L,S02,41,35,50,83,50,1,0
2023-03-02,P003,Wheat 5kg,S01,31,180,230,46,40,1,0
2023-03-02,P004,Sugar 1kg,S03,39,40,60,191,60,0,0
2023-03-03,P001,Rice 5kg,S01,8,200,250,36,30,0,0
2023-03-03,P002,Milk 1L,S02,28,35,50,82,50,0,0
2023-03-03,P003,Wheat 5kg,S01,14,180,230,91,40,0,0
2023-03-03,P004,Sugar 1kg,S03,37,40,60,114,60,0,0
2023-03-04,P001,Rice 5kg,S01,24,200,250,198,30,0,1
2023-03-04,P002,Milk 1L,S02,18,35,50,99,50,0,1
2023-03-04,P003,Wheat 5kg,S01,41,180,230,179,40,1,1
2023-03-04,P004,Sugar 1kg,S03,42,40,60,177,60,0,1
2023-03-05,P001,Rice 5kg,S01,33,200,250,122,30,0,1
2023-03-05,P002,Milk 1L,S02,19,35,50,68,50,1,1
2023-03-05,P003,Wheat 5kg,S01,17,180,230,92,40,0,1
2023-03-05,P004,Sugar 1kg,S03,37,40,60,91,60,0,1
2023-03-06,P001,Rice 5kg,S01,26,200,250,26,30,0,0
2023-03-06,P002,Milk 1L,S02,26,35,50,173,50,0,0
2023-03-06,P003,Wheat 5kg,S01,15,180,230,106,40,0,0
2023-03-06,P004,Sugar 1kg,S03,42,40,60,74,60,0,0
2023-03-07,P001,Rice 5kg,S01,22,200,250,51,30,0,0
2023-03-07,P002,Milk 1L,S02,24,35,50,78,50,0,0
2023-03-07,P003,Wheat 5kg,S01,18,180,230,116,40,1,0
2023-03-07,P004,Sugar 1kg,S03,55,40,60,43,60,0,0
2023-03-08,P001,Rice 5kg,S01,13,200,250,198,30,0,0
2023-03-08,P002,Milk 1L,S02,47,35,50,183,50,0,0
2023-03-08,P003,Wheat 5kg,S01,19,180,230,40,40,0,0
2023-03-08,P004,Sugar 1kg,S03,50,40,60,106,60,0,0
2023-03-09,P001,Rice 5kg,S01,38,200,250,88,30,0,0
2023-03-09,P002,Milk 1L,S02,23,35,50,149,50,0,0
2023-03-09,P003,Wheat 5kg,S01,22,180,230,187,40,0,0
2023-03-09,P004,Sugar 1kg,S03,39,40,60,33,60,0,0
2023-03-10,P001,Rice 5kg,S01,35,200,250,20,30,0,0
2023-03-10,P002,Milk 1L,S02,18,35,50,83,50,0,0
2023-03-10,P003,Wheat 5kg,S01,40,180,230,139,40,1,0
2023-03-10,P004,Sugar 1kg,S03,45,40,60,167,60,0,0
2023-03-11,P001,Rice 5kg,S01,6,200,250,45,30,0,1
2023-03-11,P002,Milk 1L,S02,43,35,50,88,50,0,1
2023-03-11,P003,Wheat 5kg,S01,26,180,230,62,40,0,1
2023-03-11,P004,Sugar 1kg,S03,36,40,60,190,60,0,1
2023-03-12,P001,Rice 5kg,S01,38,200,250,64,30,0,1
2023-03-12,P002,Milk 1L,S02,29,35,50,27,50,0,1
2023-03-12,P003,Wheat 5kg,S01,56,180,230,53,40,0,1
2023-03-12,P004,Sugar 1kg,S03,33,40,60,164,60,1,1
2023-03-13,P001,Rice 5kg,S01,55,200,250,108,30,0,0
2023-03-13,P002,Milk 1L,S02,49,35,50,124,50,0,0
2023-03-13,P003,Wheat 5kg,S01,30,180,230,82,40,1,0
2023-03-13,P004,Sugar 1kg,S03,35,40,60,87,60,0,0
2023-03-14,P001,Rice 5kg,S01,43,200,250,101,30,1,0
2023-03-14,P002,Milk 1L,S02,31,35,50,107,50,0,0
2023-03-14,P003,Wheat 5kg,S01,14,180,230,168,40,0,0
2023-03-14,P004,Sugar 1kg,S03,37,40,60,54,60,0,0
2023-03-15,P001,Rice 5kg,S01,36,200,250,93,30,0,0
2023-03-15,P002,Milk 1L,S02,16,35,50,67,50,1,0
2023-03-15,P003,Wheat 5kg,S01,35,180,230,56,40,0,0
2023-03-15,P004,Sugar 1kg,S03,47,40,60,89,60,0,0
2023-03-16,P001,Rice 5kg,S01,24,200,250,66,30,0,0
2023-03-16,P002,Milk 1L,S02,22,35,50,144,50,0,0
2023-03-16,P003,Wheat 5kg,S01,47,180,230,155,40,0,0
2023-03-16,P004,Sugar 1kg,S03,49,40,60,96,60,0,0
2023-03-17,P001,Rice 5kg,S01,34,200,250,127,30,0,0
2023-03-17,P002,Milk 1L,S02,17,35,50,189,50,0,0
2023-03-17,P003,Wheat 5kg,S01,43,180,230,73,40,0,0
2023-03-17,P004,Sugar 1kg,S03,23,40,60,156,60,0,0
2023-03-18,P001,Rice 5kg,S01,26,200,250,144,30,1,1
2023-03-18,P002,Milk 1L,S02,30,35,50,56,50,0,1
2023-03-18,P003,Wheat 5kg,S01,39,180,230,108,40,0,1
2023-03-18,P004,Sugar 1kg,S03,37,40,60,88,60,0,1
2023-03-19,P001,Rice 5kg,S01,53,200,250,168,30,0,1
2023-03-19,P002,Milk 1L,S02,49,35,50,179,50,0,1
2023-03-19,P003,Wheat 5kg,S01,17,180,230,172,40,1,1
2023-03-19,P004,Sugar 1kg,S03,46,40,60,61,60,0,1
2023-03-20,P001,Rice 5kg,S01,53,200,250,43,30,0,0
2023-03-20,P002,Milk 1L,S02,30,35,50,51,50,0,0
2023-03-20,P003,Wheat 5kg,S01,34,180,230,150,40,0,0
2023-03-20,P004,Sugar 1kg,S03,36,40,60,32,60,0,0
2023-03-21,P001,Rice 5kg,S01,13,200,250,179,30,0,0
2023-03-21,P002,Milk 1L,S02,49,35,50,63,50,0,0
2023-03-21,P003,Wheat 5kg,S01,8,180,230,191,40,0,0
2023-03-21,P004,Sugar 1kg,S03,23,40,60,55,60,1,0
2023-03-22,P001,Rice 5kg,S01,42,200,250,125,30,0,0
2023-03-22,P002,Milk 1L,S02,23,35,50,134,50,0,0
2023-03-22,P003,Wheat 5kg,S01,11,180,230,103,40,0,0
2023-03-22,P004,Sugar 1kg,S03,29,40,60,161,60,0,0
2023-03-23,P001,Rice 5kg,S01,28,200,250,104,30,0,0
2023-03-23,P002,Milk 1L,S02,18,35,50,170,50,1,0
2023-03-23,P003,Wheat 5kg,S01,27,180,230,190,40,0,0
2023-03-23,P004,Sugar 1kg,S03,44,40,60,68,60,0,0
2023-03-24,P001,Rice 5kg,S01,29,200,250,177,30,0,0
2023-03-24,P002,Milk 1L,S02,15,35,50,92,50,0,0
2023-03-24,P003,Wheat 5kg,S01,37,180,230,39,40,0,0
2023-03-24,P004,Sugar 1kg,S03,24,40,60,73,60,0,0
2023-03-25,P001,Rice 5kg,S01,40,200,250,73,30,1,1
2023-03-25,P002,Milk 1L,S02,14,35,50,168,50,0,1
2023-03-25,P003,Wheat 5kg,S01,29,180,230,31,40,1,1
2023-03-25,P004,Sugar 1kg,S03,50,40,60,153,60,0,1
2023-03-26,P001,Rice 5kg,S01,12,200,250,24,30,0,1
2023-03-26,P002,Milk 1L,S02,15,35,50,197,50,0,1
2023-03-26,P003,Wheat 5kg,S01,18,180,230,134,40,0,1
2023-03-26,P004,Sugar 1kg,S03,15,40,60,122,60,0,1
2023-03-27,P001,Rice 5kg,S01,48,200,250,71,30,0,0
2023-03-27,P002,Milk 1L,S02,45,35,50,135,50,0,0
2023-03-27,P003,Wheat 5kg,S01,41,180,230,33,40,0,0
2023-03-27,P004,Sugar 1kg,S03,46,40,60,81,60,0,0
2023-03-28,P001,Rice 5kg,S01,42,200,250,77,30,0,0
2023-03-28,P002,Milk 1L,S02,10,35,50,101,50,0,0
2023-03-28,P003,Wheat 5kg,S01,41,180,230,158,40,0,0
2023-03-28,P004,Sugar 1kg,S03,30,40,60,199,60,1,0
2023-03-29,P001,Rice 5kg,S01,43,200,250,36,30,0,0
2023-03-29,P002,Milk 1L,S02,13,35,50,116,50,1,0
2023-03-29,P003,Wheat 5kg,S01,48,180,230,53,40,0,0
2023-03-29,P004,Sugar 1kg,S03,33,40,60,106,60,0,0
2023-03-30,P001,Rice 5kg,S01,27,200,250,106,30,0,0
2023-03-30,P002,Milk 1L,S02,24,35,50,167,50,0,0
2023-03-30,P003,Wheat 5kg,S01,36,180,230,162,40,1,0
2023-03-30,P004,Sugar 1kg,S03,34,40,60,24,60,0,0
2023-03-31,P001,Rice 5kg,S01,29,200,250,130,30,0,0
2023-03-31,P002,Milk 1L,S02,46,35,50,123,50,0,0
2023-03-31,P003,Wheat 5kg,S01,13,180,230,55,40,0,0
2023-03-31,P004,Sugar 1kg,S03,23,40,60,29,60,0,0
2023-04-01,P001,Rice 5kg,S01,21,200,250,32,30,0,1
2023-04-01,P002,Milk 1L,S02,40,35,50,30,50,0,1
2023-04-01,P003,Wheat 5kg,S01,35,180,230,172,40,0,1
2023-04-01,P004,Sugar 1kg,S03,22,40,60,41,60,0,1
2023-04-02,P001,Rice 5kg,S01,22,200,250,193,30,0,1
2023-04-02,P002,Milk 1L,S02,26,35,50,138,50,1,1
2023-04-02,P003,Wheat 5kg,S01,29,180,230,160,40,0,1
2023-04-02,P004,Sugar 1kg,S03,20,40,60,170,60,0,1
2023-04-03,P001,Rice 5kg,S01,17,200,250,108,30,1,0
2023-04-03,P002,Milk 1L,S02,42,35,50,199,50,1,0
2023-04-03,P003,Wheat 5kg,S01,40,180,230,63,40,0,0
2023-04-03,P004,Sugar 1kg,S03,48,40,60,137,60,0,0
2023-04-04,P001,Rice 5kg,S01,28,200,250,44,30,0,0
2023-04-04,P002,Milk 1L,S02,16,35,50,148,50,0,0
2023-04-04,P003,Wheat 5kg,S01,11,180,230,29,40,0,0
2023-04-04,P004,Sugar 1kg,S03,50,40,60,131,60,0,0
2023-04-05,P001,Rice 5kg,S01,42,200,250,89,30,1,0
2023-04-05,P002,Milk 1L,S02,37,35,50,151,50,0,0
2023-04-05,P003,Wheat 5kg,S01,28,180,230,73,40,0,0
2023-04-05,P004,Sugar 1kg,S03,24,40,60,36,60,0,0
2023-04-06,P001,Rice 5kg,S01,13,200,250,99,30,0,0
2023-04-06,P002,Milk 1L,S02,14,35,50,79,50,0,0
2023-04-06,P003,Wheat 5kg,S01,17,180,230,49,40,1,0
2023-04-06,P004,Sugar 1kg,S03,47,40,60,192,60,0,0
2023-04-07,P001,Rice 5kg,S01,31,200,250,66,30,1,0
2023-04-07,P002,Milk 1L,S02,40,35,50,66,50,0,0
2023-04-07,P003,Wheat 5kg,S01,11,180,230,157,40,0,0
2023-04-07,P004,Sugar 1kg,S03,25,40,60,137,60,0,0
2023-04-08,P001,Rice 5kg,S01,35,200,250,166,30,0,1
2023-04-08,P002,Milk 1L,S02,29,35,50,93,50,1,1
2023-04-08,P003,Wheat 5kg,S01,36,180,230,58,40,0,1
2023-04-08,P004,Sugar 1kg,S03,13,40,60,60,60,0,1
2023-04-09,P001,Rice 5kg,S01,51,200,250,177,30,0,1
2023-04-09,P002,Milk 1L,S02,35,35,50,157,50,0,1
2023-04-09,P003,Wheat 5kg,S01,39,180,230,63,40,0,1
2023-04-09,P004,Sugar 1kg,S03,26,40,60,126,60,0,1
2023-04-10,P001,Rice 5kg,S01,11,200,250,89,30,1,0
2023-04-10,P002,Milk 1L,S02,31,35,50,162,50,1,0
2023-04-10,P003,Wheat 5kg,S01,18,180,230,147,40,0,0
2023-04-10,P004,Sugar 1kg,S03,49,40,60,68,60,0,0
2023-04-11,P001,Rice 5kg,S01,28,200,250,136,30,0,0
2023-04-11,P002,Milk 1L,S02,18,35,50,171,50,0,0
2023-04-11,P003,Wheat 5kg,S01,41,180,230,186,40,0,0
2023-04-11,P004,Sugar 1kg,S03,28,40,60,117,60,0,0
2023-04-12,P001,Rice 5kg,S01,23,200,250,76,30,0,0
2023-04-12,P002,Milk 1L,S02,51,35,50,186,50,0,0
2023-04-12,P003,Wheat 5kg,S01,38,180,230,78,40,0,0
2023-04-12,P004,Sugar 1kg,S03,36,40,60,146,60,0,0
2023-04-13,P001,Rice 5kg,S01,34,200,250,33,30,0,0
2023-04-13,P002,Milk 1L,S02,48,35,50,116,50,0,0
2023-04-13,P003,Wheat 5kg,S01,34,180,230,108,40,0,0
2023-04-13,P004,Sugar 1kg,S03,27,40,60,31,60,0,0
2023-04-14,P001,Rice 5kg,S01,30,200,250,104,30,0,0
2023-04-14,P002,Milk 1L,S02,17,35,50,123,50,0,0
2023-04-14,P003,Wheat 5kg,S01,30,180,230,99,40,1,0
2023-04-14,P004,Sugar 1kg,S03,17,40,60,180,60,0,0
2023-04-15,P001,Rice 5kg,S01,23,200,250,126,30,0,1
2023-04-15,P002,Milk 1L,S02,41,35,50,51,50,0,1
2023-04-15,P003,Wheat 5kg,S01,22,180,230,23,40,1,1
2023-04-15,P004,Sugar 1kg,S03,43,40,60,88,60,0,1
2023-04-16,P001,Rice 5kg,S01,36,200,250,28,30,1,1
2023-04-16,P002,Milk 1L,S02,17,35,50,158,50,1,1
2023-04-16,P003,Wheat 5kg,S01,16,180,230,150,40,1,1
2023-04-16,P004,Sugar 1kg,S03,32,40,60,180,60,0,1
2023-04-17,P001,Rice 5kg,S01,40,200,250,77,30,0,0
2023-04-17,P002,Milk 1L,S02,34,35,50,88,50,1,0
2023-04-17,P003,Wheat 5kg,S01,31,180,230,85,40,0,0
2023-04-17,P004,Sugar 1kg,S03,40,40,60,167,60,0,0
2023-04-18,P001,Rice 5kg,S01,9,200,250,86,30,0,0
2023-04-18,P002,Milk 1L,S02,29,35,50,40,50,0,0
2023-04-18,P003,Wheat 5kg,S01,30,180,230,156,40,0,0
2023-04-18,P004,Sugar 1kg,S03,29,40,60,153,60,0,0
2023-04-19,P001,Rice 5kg,S01,26,200,250,65,30,0,0
2023-04-19,P002,Milk 1L,S02,43,35,50,166,50,1,0
2023-04-19,P003,Wheat 5kg,S01,23,180,230,187,40,0,0
2023-04-19,P004,Sugar 1kg,S03,52,40,60,102,60,1,0
2023-04-20,P001,Rice 5kg,S01,14,200,250,138,30,0,0
2023-04-20,P002,Milk 1L,S02,35,35,50,185,50,0,0
2023-04-20,P003,Wheat 5kg,S01,34,180,230,83,40,0,0
2023-04-20,P004,Sugar 1kg,S03,40,40,60,97,60,0,0
2023-04-21,P001,Rice 5kg,S01,18,200,250,105,30,1,0
2023-04-21,P002,Milk 1L,S02,21,35,50,177,50,0,0
2023-04-21,P003,Wheat 5kg,S01,20,180,230,39,40,0,0
2023-04-21,P004,Sugar 1kg,S03,47,40,60,156,60,0,0
2023-04-22,P001,Rice 5kg,S01,25,200,250,166,30,1,1
2023-04-22,P002,Milk 1L,S02,37,35,50,198,50,0,1
2023-04-22,P003,Wheat 5kg,S01,11,180,230,95,40,0,1
2023-04-22,P004,Sugar 1kg,S03,27,40,60,110,60,0,1
2023-04-23,P001,Rice 5kg,S01,8,200,250,172,30,0,1
2023-04-23,P002,Milk 1L,S02,22,35,50,143,50,0,1
2023-04-23,P003,Wheat 5kg,S01,37,180,230,161,40,0,1
2023-04-23,P004,Sugar 1kg,S03,24,40,60,68,60,0,1
2023-04-24,P001,Rice 5kg,S01,6,200,250,109,30,0,0
2023-04-24,P002,Milk 1L,S02,22,35,50,36,50,0,0
2023-04-24,P003,Wheat 5kg,S01,49,180,230,30,40,0,0
2023-04-24,P004,Sugar 1kg,S03,14,40,60,20,60,0,0
2023-04-25,P001,Rice 5kg,S01,27,200,250,128,30,0,0
2023-04-25,P002,Milk 1L,S02,49,35,50,110,50,0,0
2023-04-25,P003,Wheat 5kg,S01,34,180,230,194,40,1,0
2023-04-25,P004,Sugar 1kg,S03,20,40,60,146,60,0,0
2023-04-26,P001,Rice 5kg,S01,37,200,250,103,30,1,0
2023-04-26,P002,Milk 1L,S02,13,35,50,186,50,0,0
2023-04-26,P003,Wheat 5kg,S01,41,180,230,94,40,0,0
2023-04-26,P004,Sugar 1kg,S03,26,40,60,21,60,0,0
2023-04-27,P001,Rice 5kg,S01,12,200,250,100,30,0,0
2023-04-27,P002,Milk 1L,S02,18,35,50,64,50,0,0
2023-04-27,P003,Wheat 5kg,S01,37,180,230,172,40,0,0
2023-04-27,P004,Sugar 1kg,S03,55,40,60,165,60,0,0
2023-04-28,P001,Rice 5kg,S01,15,200,250,127,30,0,0
2023-04-28,P002,Milk 1L,S02,11,35,50,60,50,0,0
2023-04-28,P003,Wheat 5kg,S01,59,180,230,76,40,0,0
2023-04-28,P004,Sugar 1kg,S03,42,40,60,175,60,0,0
2023-04-29,P001,Rice 5kg,S01,21,200,250,165,30,0,1
2023-04-29,P002,Milk 1L,S02,46,35,50,132,50,0,1
2023-04-29,P003,Wheat 5kg,S01,14,180,230,84,40,0,1
2023-04-29,P004,Sugar 1kg,S03,14,40,60,173,60,0,1
2023-04-30,P001,Rice 5kg,S01,29,200,250,78,30,0,1
2023-04-30,P002,Milk 1L,S02,31,35,50,56,50,1,1
2023-04-30,P003,Wheat 5kg,S01,45,180,230,37,40,1,1
2023-04-30,P004,Sugar 1kg,S03,36,40,60,41,60,0,1
2023-05-01,P001,Rice 5kg,S01,45,200,250,128,30,0,0
2023-05-01,P002,Milk 1L,S02,31,35,50,179,50,0,0
2023-05-01,P003,Wheat 5kg,S01,27,180,230,63,40,1,0
2023-05-01,P004,Sugar 1kg,S03,11,40,60,43,60,1,0
2023-05-02,P001,Rice 5kg,S01,24,200,250,198,30,0,0
2023-05-02,P002,Milk 1L,S02,53,35,50,171,50,0,0
2023-05-02,P003,Wheat 5kg,S01,51,180,230,24,40,0,0
2023-05-02,P004,Sugar 1kg,S03,56,40,60,110,60,1,0
2023-05-03,P001,Rice 5kg,S01,18,200,250,168,30,0,0
2023-05-03,P002,Milk 1L,S02,39,35,50,39,50,0,0
2023-05-03,P003,Wheat 5kg,S01,21,180,230,71,40,1,0
2023-05-03,P004,Sugar 1kg,S03,41,40,60,170,60,0,0
2023-05-04,P001,Rice 5kg,S01,28,200,250,198,30,1,0
2023-05-04,P002,Milk 1L,S02,34,35,50,23,50,1,0
2023-05-04,P003,Wheat 5kg,S01,37,180,230,135,40,0,0
2023-05-04,P004,Sugar 1kg,S03,25,40,60,50,60,0,0
2023-05-05,P001,Rice 5kg,S01,53,200,250,86,30,0,0
2023-05-05,P002,Milk 1L,S02,28,35,50,171,50,0,0
2023-05-05,P003,Wheat 5kg,S01,54,180,230,38,40,0,0
2023-05-05,P004,Sugar 1kg,S03,41,40,60,154,60,0,0
2023-05-06,P001,Rice 5kg,S01,52,200,250,56,30,0,1
2023-05-06,P002,Milk 1L,S02,21,35,50,146,50,1,1
2023-05-06,P003,Wheat 5kg,S01,46,180,230,28,40,0,1
2023-05-06,P004,Sugar 1kg,S03,22,40,60,121,60,0,1
2023-05-07,P001,Rice 5kg,S01,11,200,250,192,30,0,1
2023-05-07,P002,Milk 1L,S02,28,35,50,187,50,0,1
2023-05-07,P003,Wheat 5kg,S01,49,180,230,85,40,0,1
2023-05-07,P004,Sugar 1kg,S03,24,40,60,53,60,0,1
2023-05-08,P001,Rice 5kg,S01,14,200,250,74,30,1,0
2023-05-08,P002,Milk 1L,S02,39,35,50,164,50,0,0
2023-05-08,P003,Wheat 5kg,S01,23,180,230,76,40,0,0
2023-05-08,P004,Sugar 1kg,S03,49,40,60,93,60,0,0
2023-05-09,P001,Rice 5kg,S01,18,200,250,133,30,0,0
2023-05-09,P002,Milk 1L,S02,32,35,50,98,50,0,0
2023-05-09,P003,Wheat 5kg,S01,10,180,230,53,40,0,0
2023-05-09,P004,Sugar 1kg,S03,47,40,60,68,60,0,0
2023-05-10,P001,Rice 5kg,S01,33,200,250,37,30,0,0
2023-05-10,P002,Milk 1L,S02,57,35,50,27,50,0,0
2023-05-10,P003,Wheat 5kg,S01,21,180,230,175,40,0,0
2023-05-10,P004,Sugar 1kg,S03,6,40,60,181,60,0,0
2023-05-11,P001,Rice 5kg,S01,43,200,250,75,30,1,0
2023-05-11,P002,Milk 1L,S02,36,35,50,176,50,0,0
2023-05-11,P003,Wheat 5kg,S01,43,180,230,194,40,0,0
2023-05-11,P004,Sugar 1kg,S03,37,40,60,43,60,0,0
2023-05-12,P001,Rice 5kg,S01,22,200,250,159,30,1,0
2023-05-12,P002,Milk 1L,S02,24,35,50,47,50,1,0
2023-05-12,P003,Wheat 5kg,S01,43,180,230,124,40,0,0
2023-05-12,P004,Sugar 1kg,S03,21,40,60,50,60,0,0
2023-05-13,P001,Rice 5kg,S01,20,200,250,119,30,0,1
2023-05-13,P002,Milk 1L,S02,41,35,50,55,50,0,1
2023-05-13,P003,Wheat 5kg,S01,58,180,230,47,40,0,1
2023-05-13,P004,Sugar 1kg,S03,15,40,60,32,60,0,1
2023-05-14,P001,Rice 5kg,S01,19,200,250,93,30,0,1
2023-05-14,P002,Milk 1L,S02,57,35,50,100,50,0,1
2023-05-14,P003,Wheat 5kg,S01,17,180,230,135,40,0,1
2023-05-14,P004,Sugar 1kg,S03,37,40,60,175,60,0,1
2023-05-15,P001,Rice 5kg,S01,19,200,250,194,30,1,0
2023-05-15,P002,Milk 1L,S02,36,35,50,172,50,0,0
2023-05-15,P003,Wheat 5kg,S01,14,180,230,35,40,0,0
2023-05-15,P004,Sugar 1kg,S03,46,40,60,70,60,0,0
2023-05-16,P001,Rice 5kg,S01,25,200,250,64,30,0,0
2023-05-16,P002,Milk 1L,S02,18,35,50,176,50,0,0
2023-05-16,P003,Wheat 5kg,S01,36,180,230,191,40,0,0
2023-05-16,P004,Sugar 1kg,S03,35,40,60,94,60,1,0
2023-05-17,P001,Rice 5kg,S01,42,200,250,109,30,0,0
2023-05-17,P002,Milk 1L,S02,42,35,50,102,50,0,0
2023-05-17,P003,Wheat 5kg,S01,19,180,230,175,40,0,0
2023-05-17,P004,Sugar 1kg,S03,8,40,60,66,60,0,0
2023-05-18,P001,Rice 5kg,S01,28,200,250,71,30,0,0
2023-05-18,P002,Milk 1L,S02,58,35,50,34,50,0,0
2023-05-18,P003,Wheat 5kg,S01,44,180,230,81,40,1,0
2023-05-18,P004,Sugar 1kg,S03,28,40,60,22,60,0,0
2023-05-19,P001,Rice 5kg,S01,38,200,250,127,30,1,0
2023-05-19,P002,Milk 1L,S02,17,35,50,38,50,0,0
2023-05-19,P003,Wheat 5kg,S01,40,180,230,78,40,0,0
2023-05-19,P004,Sugar 1kg,S03,39,40,60,181,60,0,0
2023-05-20,P001,Rice 5kg,S01,19,200,250,190,30,0,1
2023-05-20,P002,Milk 1L,S02,30,35,50,105,50,0,1
2023-05-20,P003,Wheat 5kg,S01,58,180,230,190,40,0,1
2023-05-20,P004,Sugar 1kg,S03,57,40,60,110,60,0,1
2023-05-21,P001,Rice 5kg,S01,39,200,250,28,30,0,1
2023-05-21,P002,Milk 1L,S02,50,35,50,108,50,0,1
2023-05-21,P003,Wheat 5kg,S01,11,180,230,182,40,0,1
2023-05-21,P004,Sugar 1kg,S03,49,40,60,37,60,1,1
2023-05-22,P001,Rice 5kg,S01,39,200,250,87,30,1,0
2023-05-22,P002,Milk 1L,S02,5,35,50,60,50,0,0
2023-05-22,P003,Wheat 5kg,S01,11,180,230,198,40,0,0
2023-05-22,P004,Sugar 1kg,S03,25,40,60,66,60,1,0
2023-05-23,P001,Rice 5kg,S01,44,200,250,151,30,1,0
2023-05-23,P002,Milk 1L,S02,29,35,50,155,50,0,0
2023-05-23,P003,Wheat 5kg,S01,29,180,230,87,40,0,0
2023-05-23,P004,Sugar 1kg,S03,44,40,60,43,60,1,0
2023-05-24,P001,Rice 5kg,S01,49,200,250,23,30,0,0
2023-05-24,P002,Milk 1L,S02,19,35,50,128,50,0,0
2023-05-24,P003,Wheat 5kg,S01,11,180,230,80,40,0,0
2023-05-24,P004,Sugar 1kg,S03,26,40,60,188,60,1,0
2023-05-25,P001,Rice 5kg,S01,34,200,250,120,30,0,0
2023-05-25,P002,Milk 1L,S02,32,35,50,142,50,1,0
2023-05-25,P003,Wheat 5kg,S01,43,180,230,35,40,0,0
2023-05-25,P004,Sugar 1kg,S03,45,40,60,181,60,0,0
2023-05-26,P001,Rice 5kg,S01,15,200,250,36,30,0,0
2023-05-26,P002,Milk 1L,S02,26,35,50,84,50,0,0
2023-05-26,P003,Wheat 5kg,S01,37,180,230,186,40,0,0
2023-05-26,P004,Sugar 1kg,S03,6,40,60,145,60,0,0
2023-05-27,P001,Rice 5kg,S01,50,200,250,160,30,0,1
2023-05-27,P002,Milk 1L,S02,32,35,50,194,50,0,1
2023-05-27,P003,Wheat 5kg,S01,8,180,230,119,40,0,1
2023-05-27,P004,Sugar 1kg,S03,12,40,60,135,60,0,1
2023-05-28,P001,Rice 5kg,S01,22,200,250,78,30,0,1
2023-05-28,P002,Milk 1L,S02,7,35,50,46,50,0,1
2023-05-28,P003,Wheat 5kg,S01,42,180,230,166,40,0,1
2023-05-28,P004,Sugar 1kg,S03,23,40,60,191,60,0,1
2023-05-29,P001,Rice 5kg,S01,34,200,250,26,30,0,0
2023-05-29,P002,Milk 1L,S02,13,35,50,91,50,0,0
2023-05-29,P003,Wheat 5kg,S01,18,180,230,46,40,0,0
2023-05-29,P004,Sugar 1kg,S03,13,40,60,97,60,0,0
2023-05-30,P001,Rice 5kg,S01,38,200,250,38,30,0,0
2023-05-30,P002,Milk 1L,S02,8,35,50,52,50,0,0
2023-05-30,P003,Wheat 5kg,S01,18,180,230,166,40,0,0
2023-05-30,P004,Sugar 1kg,S03,29,40,60,101,60,1,0
2023-05-31,P001,Rice 5kg,S01,9,200,250,36,30,0,0
2023-05-31,P002,Milk 1L,S02,10,35,50,196,50,0,0
2023-05-31,P003,Wheat 5kg,S01,13,180,230,117,40,0,0
2023-05-31,P004,Sugar 1kg,S03,27,40,60,185,60,1,0
2023-06-01,P001,Rice 5kg,S01,35,200,250,167,30,0,0
2023-06-01,P002,Milk 1L,S02,20,35,50,72,50,0,0
2023-06-01,P003,Wheat 5kg,S01,11,180,230,92,40,0,0
2023-06-01,P004,Sugar 1kg,S03,13,40,60,21,60,1,0
2023-06-02,P001,Rice 5kg,S01,5,200,250,72,30,1,0
2023-06-02,P002,Milk 1L,S02,42,35,50,41,50,0,0
2023-06-02,P003,Wheat 5kg,S01,42,180,230,132,40,0,0
2023-06-02,P004,Sugar 1kg,S03,13,40,60,148,60,0,0
2023-06-03,P001,Rice 5kg,S01,23,200,250,51,30,0,1
2023-06-03,P002,Milk 1L,S02,37,35,50,73,50,0,1
2023-06-03,P003,Wheat 5kg,S01,39,180,230,34,40,1,1
2023-06-03,P004,Sugar 1kg,S03,14,40,60,60,60,0,1
2023-06-04,P001,Rice 5kg,S01,24,200,250,170,30,0,1
2023-06-04,P002,Milk 1L,S02,36,35,50,195,50,1,1
2023-06-04,P003,Wheat 5kg,S01,19,180,230,77,40,0,1
2023-06-04,P004,Sugar 1kg,S03,26,40,60,121,60,0,1
2023-06-05,P001,Rice 5kg,S01,36,200,250,92,30,0,0
2023-06-05,P002,Milk 1L,S02,31,35,50,116,50,1,0
2023-06-05,P003,Wheat 5kg,S01,17,180,230,142,40,0,0
2023-06-05,P004,Sugar 1kg,S03,48,40,60,56,60,0,0
2023-06-06,P001,Rice 5kg,S01,33,200,250,158,30,0,0
2023-06-06,P002,Milk 1L,S02,19,35,50,80,50,0,0
2023-06-06,P003,Wheat 5kg,S01,43,180,230,74,40,0,0
2023-06-06,P004,Sugar 1kg,S03,50,40,60,57,60,0,0
2023-06-07,P001,Rice 5kg,S01,27,200,250,40,30,0,0
2023-06-07,P002,Milk 1L,S02,7,35,50,159,50,0,0
2023-06-07,P003,Wheat 5kg,S01,28,180,230,141,40,1,0
2023-06-07,P004,Sugar 1kg,S03,40,40,60,74,60,1,0
2023-06-08,P001,Rice 5kg,S01,48,200,250,77,30,1,0
2023-06-08,P002,Milk 1L,S02,38,35,50,25,50,0,0
2023-06-08,P003,Wheat 5kg,S01,41,180,230,24,40,0,0
2023-06-08,P004,Sugar 1kg,S03,24,40,60,177,60,0,0
2023-06-09,P001,Rice 5kg,S01,27,200,250,106,30,0,0
2023-06-09,P002,Milk 1L,S02,31,35,50,104,50,0,0
2023-06-09,P003,Wheat 5kg,S01,19,180,230,52,40,0,0
2023-06-09,P004,Sugar 1kg,S03,50,40,60,157,60,0,0
2023-06-10,P001,Rice 5kg,S01,36,200,250,30,30,0,1
2023-06-10,P002,Milk 1L,S02,25,35,50,171,50,0,1
2023-06-10,P003,Wheat 5kg,S01,17,180,230,38,40,0,1
2023-06-10,P004,Sugar 1kg,S03,53,40,60,197,60,0,1
2023-06-11,P001,Rice 5kg,S01,28,200,250,195,30,1,1
2023-06-11,P002,Milk 1L,S02,38,35,50,45,50,1,1
2023-06-11,P003,Wheat 5kg,S01,20,180,230,190,40,0,1
2023-06-11,P004,Sugar 1kg,S03,13,40,60,179,60,0,1
2023-06-12,P001,Rice 5kg,S01,25,200,250,105,30,1,0
2023-06-12,P002,Milk 1L,S02,15,35,50,188,50,1,0
2023-06-12,P003,Wheat 5kg,S01,14,180,230,147,40,0,0
2023-06-12,P004,Sugar 1kg,S03,34,40,60,98,60,0,0
2023-06-13,P001,Rice 5kg,S01,25,200,250,98,30,0,0
2023-06-13,P002,Milk 1L,S02,39,35,50,102,50,0,0
2023-06-13,P003,Wheat 5kg,S01,21,180,230,81,40,0,0
2023-06-13,P004,Sugar 1kg,S03,22,40,60,110,60,0,0
2023-06-14,P001,Rice 5kg,S01,13,200,250,111,30,0,0
2023-06-14,P002,Milk 1L,S02,49,35,50,172,50,0,0
2023-06-14,P003,Wheat 5kg,S01,19,180,230,192,40,0,0
2023-06-14,P004,Sugar 1kg,S03,41,40,60,63,60,0,0
2023-06-15,P001,Rice 5kg,S01,18,200,250,153,30,0,0
2023-06-15,P002,Milk 1L,S02,22,35,50,40,50,0,0
2023-06-15,P003,Wheat 5kg,S01,53,180,230,81,40,0,0
2023-06-15,P004,Sugar 1kg,S03,25,40,60,123,60,0,0
2023-06-16,P001,Rice 5kg,S01,51,200,250,157,30,0,0
2023-06-16,P002,Milk 1L,S02,25,35,50,197,50,0,0
2023-06-16,P003,Wheat 5kg,S01,34,180,230,132,40,0,0
2023-06-16,P004,Sugar 1kg,S03,48,40,60,80,60,0,0
2023-06-17,P001,Rice 5kg,S01,34,200,250,32,30,0,1
2023-06-17,P002,Milk 1L,S02,13,35,50,151,50,0,1
2023-06-17,P003,Wheat 5kg,S01,18,180,230,155,40,0,1
2023-06-17,P004,Sugar 1kg,S03,26,40,60,139,60,1,1
2023-06-18,P001,Rice 5kg,S01,14,200,250,176,30,0,1
2023-06-18,P002,Milk 1L,S02,18,35,50,57,50,0,1
2023-06-18,P003,Wheat 5kg,S01,34,180,230,128,40,0,1
2023-06-18,P004,Sugar 1kg,S03,32,40,60,168,60,0,1
2023-06-19,P001,Rice 5kg,S01,17,200,250,178,30,0,0
2023-06-19,P002,Milk 1L,S02,37,35,50,118,50,1,0
2023-06-19,P003,Wheat 5kg,S01,19,180,230,44,40,0,0
2023-06-19,P004,Sugar 1kg,S03,43,40,60,93,60,0,0
2023-06-20,P001,Rice 5kg,S01,29,200,250,171,30,0,0
2023-06-20,P002,Milk 1L,S02,40,35,50,78,50,0,0
2023-06-20,P003,Wheat 5kg,S01,35,180,230,172,40,0,0
2023-06-20,P004,Sugar 1kg,S03,40,40,60,74,60,1,0
2023-06-21,P001,Rice 5kg,S01,42,200,250,106,30,0,0
2023-06-21,P002,Milk 1L,S02,37,35,50,102,50,0,0
2023-06-21,P003,Wheat 5kg,S01,17,180,230,169,40,0,0
2023-06-21,P004,Sugar 1kg,S03,32,40,60,167,60,0,0
2023-06-22,P001,Rice 5kg,S01,44,200,250,31,30,0,0
2023-06-22,P002,Milk 1L,S02,43,35,50,109,50,0,0
2023-06-22,P003,Wheat 5kg,S01,23,180,230,85,40,1,0
2023-06-22,P004,Sugar 1kg,S03,39,40,60,62,60,0,0
2023-06-23,P001,Rice 5kg,S01,9,200,250,147,30,0,0
2023-06-23,P002,Milk 1L,S02,28,35,50,64,50,1,0
2023-06-23,P003,Wheat 5kg,S01,40,180,230,92,40,1,0
2023-06-23,P004,Sugar 1kg,S03,24,40,60,138,60,0,0
2023-06-24,P001,Rice 5kg,S01,30,200,250,39,30,0,1
2023-06-24,P002,Milk 1L,S02,30,35,50,30,50,0,1
2023-06-24,P003,Wheat 5kg,S01,12,180,230,39,40,0,1
2023-06-24,P004,Sugar 1kg,S03,24,40,60,103,60,1,1
2023-06-25,P001,Rice 5kg,S01,39,200,250,170,30,0,1
2023-06-25,P002,Milk 1L,S02,13,35,50,157,50,0,1
2023-06-25,P003,Wheat 5kg,S01,48,180,230,120,40,0,1
2023-06-25,P004,Sugar 1kg,S03,8,40,60,146,60,1,1
2023-06-26,P001,Rice 5kg,S01,36,200,250,29,30,0,0
2023-06-26,P002,Milk 1L,S02,35,35,50,106,50,0,0
2023-06-26,P003,Wheat 5kg,S01,36,180,230,125,40,0,0
2023-06-26,P004,Sugar 1kg,S03,42,40,60,195,60,0,0
2023-06-27,P001,Rice 5kg,S01,18,200,250,186,30,0,0
2023-06-27,P002,Milk 1L,S02,50,35,50,101,50,0,0
2023-06-27,P003,Wheat 5kg,S01,18,180,230,90,40,0,0
2023-06-27,P004,Sugar 1kg,S03,20,40,60,108,60,0,0
2023-06-28,P001,Rice 5kg,S01,41,200,250,109,30,1,0
2023-06-28,P002,Milk 1L,S02,16,35,50,185,50,1,0
2023-06-28,P003,Wheat 5kg,S01,47,180,230,169,40,0,0
2023-06-28,P004,Sugar 1kg,S03,38,40,60,118,60,1,0
2023-06-29,P001,Rice 5kg,S01,22,200,250,88,30,0,0
2023-06-29,P002,Milk 1L,S02,34,35,50,146,50,0,0
2023-06-29,P003,Wheat 5kg,S01,24,180,230,196,40,0,0
2023-06-29,P004,Sugar 1kg,S03,18,40,60,148,60,0,0
2023-06-30,P001,Rice 5kg,S01,23,200,250,128,30,1,0
2023-06-30,P002,Milk 1L,S02,13,35,50,32,50,0,0
2023-06-30,P003,Wheat 5kg,S01,42,180,230,21,40,0,0
2023-06-30,P004,Sugar 1kg,S03,24,40,60,101,60,0,0
2023-07-01,P001,Rice 5kg,S01,35,200,250,100,30,0,1
2023-07-01,P002,Milk 1L,S02,32,35,50,72,50,0,1
2023-07-01,P003,Wheat 5kg,S01,40,180,230,130,40,0,1
2023-07-01,P004,Sugar 1kg,S03,49,40,60,51,60,0,1
2023-07-02,P001,Rice 5kg,S01,46,200,250,61,30,0,1
2023-07-02,P002,Milk 1L,S02,21,35,50,179,50,0,1
2023-07-02,P003,Wheat 5kg,S01,31,180,230,153,40,0,1
2023-07-02,P004,Sugar 1kg,S03,47,40,60,134,60,0,1
2023-07-03,P001,Rice 5kg,S01,40,200,250,36,30,0,0
2023-07-03,P002,Milk 1L,S02,43,35,50,56,50,1,0
2023-07-03,P003,Wheat 5kg,S01,11,180,230,77,40,0,0
2023-07-03,P004,Sugar 1kg,S03,41,40,60,123,60,0,0
2023-07-04,P001,Rice 5kg,S01,32,200,250,59,30,0,0
2023-07-04,P002,Milk 1L,S02,16,35,50,151,50,0,0
2023-07-04,P003,Wheat 5kg,S01,26,180,230,95,40,0,0
2023-07-04,P004,Sugar 1kg,S03,22,40,60,86,60,0,0
2023-07-05,P001,Rice 5kg,S01,21,200,250,29,30,0,0
2023-07-05,P002,Milk 1L,S02,39,35,50,132,50,0,0
2023-07-05,P003,Wheat 5kg,S01,27,180,230,194,40,0,0
2023-07-05,P004,Sugar 1kg,S03,37,40,60,151,60,0,0
2023-07-06,P001,Rice 5kg,S01,9,200,250,150,30,0,0
2023-07-06,P002,Milk 1L,S02,41,35,50,135,50,0,0
2023-07-06,P003,Wheat 5kg,S01,35,180,230,65,40,0,0
2023-07-06,P004,Sugar 1kg,S03,25,40,60,132,60,0,0
2023-07-07,P001,Rice 5kg,S01,38,200,250,170,30,0,0
2023-07-07,P002,Milk 1L,S02,47,35,50,80,50,0,0
2023-07-07,P003,Wheat 5kg,S01,40,180,230,21,40,0,0
2023-07-07,P004,Sugar 1kg,S03,47,40,60,186,60,0,0
2023-07-08,P001,Rice 5kg,S01,16,200,250,50,30,0,1
2023-07-08,P002,Milk 1L,S02,21,35,50,120,50,0,1
2023-07-08,P003,Wheat 5kg,S01,6,180,230,189,40,1,1
2023-07-08,P004,Sugar 1kg,S03,31,40,60,36,60,0,1
2023-07-09,P001,Rice 5kg,S01,28,200,250,97,30,1,1
2023-07-09,P002,Milk 1L,S02,38,35,50,162,50,1,1
2023-07-09,P003,Wheat 5kg,S01,41,180,230,182,40,0,1
2023-07-09,P004,Sugar 1kg,S03,21,40,60,181,60,0,1
2023-07-10,P001,Rice 5kg,S01,12,200,250,78,30,0,0
2023-07-10,P002,Milk 1L,S02,33,35,50,63,50,0,0
2023-07-10,P003,Wheat 5kg,S01,33,180,230,182,40,0,0
2023-07-10,P004,Sugar 1kg,S03,23,40,60,141,60,1,0
2023-07-11,P001,Rice 5kg,S01,45,200,250,90,30,0,0
2023-07-11,P002,Milk 1L,S02,9,35,50,77,50,0,0
2023-07-11,P003,Wheat 5kg,S01,33,180,230,87,40,0,0
2023-07-11,P004,Sugar 1kg,S03,30,40,60,192,60,0,0
2023-07-12,P001,Rice 5kg,S01,50,200,250,155,30,0,0
2023-07-12,P002,Milk 1L,S02,56,35,50,27,50,0,0
2023-07-12,P003,Wheat 5kg,S01,51,180,230,49,40,0,0
2023-07-12,P004,Sugar 1kg,S03,25,40,60,145,60,0,0
2023-07-13,P001,Rice 5kg,S01,11,200,250,112,30,1,0
2023-07-13,P002,Milk 1L,S02,40,35,50,141,50,0,0
2023-07-13,P003,Wheat 5kg,S01,56,180,230,139,40,0,0
2023-07-13,P004,Sugar 1kg,S03,14,40,60,100,60,0,0
2023-07-14,P001,Rice 5kg,S01,13,200,250,169,30,0,0
2023-07-14,P002,Milk 1L,S02,19,35,50,156,50,0,0
2023-07-14,P003,Wheat 5kg,S01,31,180,230,92,40,0,0
2023-07-14,P004,Sugar 1kg,S03,36,40,60,135,60,0,0
2023-07-15,P001,Rice 5kg,S01,44,200,250,131,30,0,1
2023-07-15,P002,Milk 1L,S02,26,35,50,77,50,0,1
2023-07-15,P003,Wheat 5kg,S01,37,180,230,29,40,0,1
2023-07-15,P004,Sugar 1kg,S03,17,40,60,145,60,1,1
2023-07-16,P001,Rice 5kg,S01,17,200,250,37,30,1,1
2023-07-16,P002,Milk 1L,S02,32,35,50,61,50,0,1
2023-07-16,P003,Wheat 5kg,S01,23,180,230,78,40,0,1
2023-07-16,P004,Sugar 1kg,S03,22,40,60,143,60,0,1
2023-07-17,P001,Rice 5kg,S01,21,200,250,55,30,1,0
2023-07-17,P002,Milk 1L,S02,8,35,50,137,50,0,0
2023-07-17,P003,Wheat 5kg,S01,18,180,230,33,40,0,0
2023-07-17,P004,Sugar 1kg,S03,51,40,60,194,60,0,0
2023-07-18,P001,Rice 5kg,S01,23,200,250,184,30,0,0
2023-07-18,P002,Milk 1L,S02,30,35,50,183,50,0,0
2023-07-18,P003,Wheat 5kg,S01,44,180,230,119,40,0,0
2023-07-18,P004,Sugar 1kg,S03,31,40,60,81,60,1,0
2023-07-19,P001,Rice 5kg,S01,54,200,250,183,30,0,0
2023-07-19,P002,Milk 1L,S02,30,35,50,98,50,1,0
2023-07-19,P003,Wheat 5kg,S01,19,180,230,24,40,0,0
2023-07-19,P004,Sugar 1kg,S03,18,40,60,63,60,0,0
2023-07-20,P001,Rice 5kg,S01,20,200,250,178,30,0,0
2023-07-20,P002,Milk 1L,S02,43,35,50,149,50,0,0
2023-07-20,P003,Wheat 5kg,S01,34,180,230,65,40,0,0
2023-07-20,P004,Sugar 1kg,S03,44,40,60,138,60,0,0
2023-07-21,P001,Rice 5kg,S01,12,200,250,149,30,0,0
2023-07-21,P002,Milk 1L,S02,7,35,50,59,50,0,0
2023-07-21,P003,Wheat 5kg,S01,25,180,230,46,40,0,0
2023-07-21,P004,Sugar 1kg,S03,14,40,60,49,60,0,0
2023-07-22,P001,Rice 5kg,S01,42,200,250,61,30,0,1
2023-07-22,P002,Milk 1L,S02,24,35,50,66,50,0,1
2023-07-22,P003,Wheat 5kg,S01,20,180,230,126,40,0,1
2023-07-22,P004,Sugar 1kg,S03,23,40,60,85,60,0,1
2023-07-23,P001,Rice 5kg,S01,17,200,250,115,30,1,1
2023-07-23,P002,Milk 1L,S02,29,35,50,198,50,0,1
2023-07-23,P003,Wheat 5kg,S01,33,180,230,76,40,1,1
2023-07-23,P004,Sugar 1kg,S03,44,40,60,103,60,0,1
2023-07-24,P001,Rice 5kg,S01,31,200,250,120,30,0,0
2023-07-24,P002,Milk 1L,S02,24,35,50,192,50,0,0
2023-07-24,P003,Wheat 5kg,S01,28,180,230,128,40,0,0
2023-07-24,P004,Sugar 1kg,S03,16,40,60,159,60,0,0
2023-07-25,P001,Rice 5kg,S01,33,200,250,51,30,1,0
2023-07-25,P002,Milk 1L,S02,28,35,50,135,50,0,0
2023-07-25,P003,Wheat 5kg,S01,16,180,230,50,40,0,0
2023-07-25,P004,Sugar 1kg,S03,32,40,60,51,60,1,0
2023-07-26,P001,Rice 5kg,S01,30,200,250,89,30,1,0
2023-07-26,P002,Milk 1L,S02,38,35,50,108,50,0,0
2023-07-26,P003,Wheat 5kg,S01,8,180,230,94,40,1,0
2023-07-26,P004,Sugar 1kg,S03,31,40,60,35,60,1,0
2023-07-27,P001,Rice 5kg,S01,16,200,250,130,30,0,0
2023-07-27,P002,Milk 1L,S02,13,35,50,48,50,0,0
2023-07-27,P003,Wheat 5kg,S01,44,180,230,127,40,0,0
2023-07-27,P004,Sugar 1kg,S03,29,40,60,192,60,0,0
2023-07-28,P001,Rice 5kg,S01,21,200,250,105,30,0,0
2023-07-28,P002,Milk 1L,S02,11,35,50,62,50,0,0
2023-07-28,P003,Wheat 5kg,S01,11,180,230,58,40,1,0
2023-07-28,P004,Sugar 1kg,S03,25,40,60,173,60,0,0
2023-07-29,P001,Rice 5kg,S01,23,200,250,132,30,0,1
2023-07-29,P002,Milk 1L,S02,13,35,50,70,50,1,1
2023-07-29,P003,Wheat 5kg,S01,39,180,230,135,40,0,1
2023-07-29,P004,Sugar 1kg,S03,28,40,60,141,60,0,1
2023-07-30,P001,Rice 5kg,S01,37,200,250,130,30,0,1
2023-07-30,P002,Milk 1L,S02,22,35,50,183,50,0,1
2023-07-30,P003,Wheat 5kg,S01,43,180,230,112,40,1,1
2023-07-30,P004,Sugar 1kg,S03,32,40,60,66,60,0,1
2023-07-31,P001,Rice 5kg,S01,46,200,250,26,30,0,0
2023-07-31,P002,Milk 1L,S02,22,35,50,154,50,0,0
2023-07-31,P003,Wheat 5kg,S01,56,180,230,181,40,0,0
2023-07-31,P004,Sugar 1kg,S03,9,40,60,20,60,0,0
2023-08-01,P001,Rice 5kg,S01,11,200,250,171,30,1,0
2023-08-01,P002,Milk 1L,S02,38,35,50,175,50,0,0
2023-08-01,P003,Wheat 5kg,S01,26,180,230,50,40,0,0
2023-08-01,P004,Sugar 1kg,S03,26,40,60,195,60,0,0
2023-08-02,P001,Rice 5kg,S01,9,200,250,85,30,0,0
2023-08-02,P002,Milk 1L,S02,36,35,50,20,50,0,0
2023-08-02,P003,Wheat 5kg,S01,53,180,230,89,40,0,0
2023-08-02,P004,Sugar 1kg,S03,31,40,60,114,60,1,0
2023-08-03,P001,Rice 5kg,S01,42,200,250,31,30,1,0
2023-08-03,P002,Milk 1L,S02,33,35,50,95,50,1,0
2023-08-03,P003,Wheat 5kg,S01,43,180,230,21,40,0,0
2023-08-03,P004,Sugar 1kg,S03,28,40,60,185,60,0,0
2023-08-04,P001,Rice 5kg,S01,49,200,250,30,30,1,0
2023-08-04,P002,Milk 1L,S02,23,35,50,41,50,0,0
2023-08-04,P003,Wheat 5kg,S01,15,180,230,104,40,0,0
2023-08-04,P004,Sugar 1kg,S03,31,40,60,198,60,0,0
2023-08-05,P001,Rice 5kg,S01,15,200,250,58,30,0,1
2023-08-05,P002,Milk 1L,S02,15,35,50,102,50,0,1
2023-08-05,P003,Wheat 5kg,S01,36,180,230,130,40,1,1
2023-08-05,P004,Sugar 1kg,S03,38,40,60,141,60,0,1
2023-08-06,P001,Rice 5kg,S01,14,200,250,28,30,0,1
2023-08-06,P002,Milk 1L,S02,29,35,50,191,50,0,1
2023-08-06,P003,Wheat 5kg,S01,31,180,230,69,40,0,1
2023-08-06,P004,Sugar 1kg,S03,31,40,60,97,60,0,1
2023-08-07,P001,Rice 5kg,S01,44,200,250,160,30,0,0
2023-08-07,P002,Milk 1L,S02,26,35,50,111,50,0,0
2023-08-07,P003,Wheat 5kg,S01,41,180,230,87,40,0,0
2023-08-07,P004,Sugar 1kg,S03,34,40,60,44,60,0,0
2023-08-08,P001,Rice 5kg,S01,32,200,250,64,30,0,0
2023-08-08,P002,Milk 1L,S02,13,35,50,166,50,1,0
2023-08-08,P003,Wheat 5kg,S01,30,180,230,70,40,0,0
2023-08-08,P004,Sugar 1kg,S03,25,40,60,101,60,1,0
2023-08-09,P001,Rice 5kg,S01,35,200,250,166,30,0,0
2023-08-09,P002,Milk 1L,S02,50,35,50,187,50,0,0
2023-08-09,P003,Wheat 5kg,S01,24,180,230,169,40,0,0
2023-08-09,P004,Sugar 1kg,S03,42,40,60,104,60,0,0
2023-08-10,P001,Rice 5kg,S01,28,200,250,190,30,0,0
2023-08-10,P002,Milk 1L,S02,38,35,50,106,50,0,0
2023-08-10,P003,Wheat 5kg,S01,29,180,230,64,40,0,0
2023-08-10,P004,Sugar 1kg,S03,37,40,60,189,60,0,0
2023-08-11,P001,Rice 5kg,S01,32,200,250,128,30,0,0
2023-08-11,P002,Milk 1L,S02,34,35,50,96,50,0,0
2023-08-11,P003,Wheat 5kg,S01,25,180,230,164,40,0,0
2023-08-11,P004,Sugar 1kg,S03,9,40,60,153,60,1,0
2023-08-12,P001,Rice 5kg,S01,36,200,250,85,30,1,1
2023-08-12,P002,Milk 1L,S02,31,35,50,135,50,0,1
2023-08-12,P003,Wheat 5kg,S01,54,180,230,192,40,0,1
2023-08-12,P004,Sugar 1kg,S03,52,40,60,166,60,1,1
2023-08-13,P001,Rice 5kg,S01,35,200,250,181,30,0,1
2023-08-13,P002,Milk 1L,S02,43,35,50,144,50,0,1
2023-08-13,P003,Wheat 5kg,S01,29,180,230,67,40,0,1
2023-08-13,P004,Sugar 1kg,S03,33,40,60,37,60,0,1
2023-08-14,P001,Rice 5kg,S01,19,200,250,187,30,0,0
2023-08-14,P002,Milk 1L,S02,15,35,50,162,50,0,0
2023-08-14,P003,Wheat 5kg,S01,13,180,230,165,40,1,0
2023-08-14,P004,Sugar 1kg,S03,42,40,60,27,60,0,0
2023-08-15,P001,Rice 5kg,S01,12,200,250,61,30,1,0
2023-08-15,P002,Milk 1L,S02,24,35,50,92,50,0,0
2023-08-15,P003,Wheat 5kg,S01,12,180,230,104,40,1,0
2023-08-15,P004,Sugar 1kg,S03,21,40,60,108,60,0,0
2023-08-16,P001,Rice 5kg,S01,27,200,250,149,30,1,0
2023-08-16,P002,Milk 1L,S02,51,35,50,118,50,0,0
2023-08-16,P003,Wheat 5kg,S01,33,180,230,78,40,0,0
2023-08-16,P004,Sugar 1kg,S03,30,40,60,54,60,1,0
2023-08-17,P001,Rice 5kg,S01,41,200,250,68,30,0,0
2023-08-17,P002,Milk 1L,S02,56,35,50,99,50,1,0
2023-08-17,P003,Wheat 5kg,S01,23,180,230,174,40,0,0
2023-08-17,P004,Sugar 1kg,S03,37,40,60,153,60,0,0
2023-08-18,P001,Rice 5kg,S01,29,200,250,145,30,0,0
2023-08-18,P002,Milk 1L,S02,8,35,50,198,50,1,0
2023-08-18,P003,Wheat 5kg,S01,33,180,230,78,40,1,0
2023-08-18,P004,Sugar 1kg,S03,25,40,60,90,60,0,0
2023-08-19,P001,Rice 5kg,S01,11,200,250,54,30,1,1
2023-08-19,P002,Milk 1L,S02,43,35,50,106,50,0,1
2023-08-19,P003,Wheat 5kg,S01,22,180,230,82,40,0,1
2023-08-19,P004,Sugar 1kg,S03,25,40,60,22,60,0,1
2023-08-20,P001,Rice 5kg,S01,52,200,250,80,30,0,1
2023-08-20,P002,Milk 1L,S02,23,35,50,101,50,0,1
2023-08-20,P003,Wheat 5kg,S01,20,180,230,46,40,0,1
2023-08-20,P004,Sugar 1kg,S03,39,40,60,66,60,1,1
2023-08-21,P001,Rice 5kg,S01,49,200,250,179,30,1,0
2023-08-21,P002,Milk 1L,S02,20,35,50,117,50,0,0
2023-08-21,P003,Wheat 5kg,S01,21,180,230,172,40,0,0
2023-08-21,P004,Sugar 1kg,S03,16,40,60,120,60,0,0
2023-08-22,P001,Rice 5kg,S01,37,200,250,41,30,0,0
2023-08-22,P002,Milk 1L,S02,31,35,50,190,50,0,0
2023-08-22,P003,Wheat 5kg,S01,17,180,230,113,40,0,0
2023-08-22,P004,Sugar 1kg,S03,56,40,60,35,60,0,0
2023-08-23,P001,Rice 5kg,S01,39,200,250,85,30,0,0
2023-08-23,P002,Milk 1L,S02,45,35,50,181,50,0,0
2023-08-23,P003,Wheat 5kg,S01,52,180,230,20,40,0,0
2023-08-23,P004,Sugar 1kg,S03,10,40,60,78,60,0,0
2023-08-24,P001,Rice 5kg,S01,32,200,250,89,30,0,0
2023-08-24,P002,Milk 1L,S02,29,35,50,75,50,0,0
2023-08-24,P003,Wheat 5kg,S01,26,180,230,190,40,0,0
2023-08-24,P004,Sugar 1kg,S03,30,40,60,87,60,1,0
2023-08-25,P001,Rice 5kg,S01,42,200,250,194,30,0,0
2023-08-25,P002,Milk 1L,S02,13,35,50,185,50,1,0
2023-08-25,P003,Wheat 5kg,S01,34,180,230,82,40,0,0
2023-08-25,P004,Sugar 1kg,S03,41,40,60,145,60,0,0
2023-08-26,P001,Rice 5kg,S01,50,200,250,165,30,0,1
2023-08-26,P002,Milk 1L,S02,23,35,50,129,50,1,1
2023-08-26,P003,Wheat 5kg,S01,13,180,230,191,40,0,1
2023-08-26,P004,Sugar 1kg,S03,13,40,60,184,60,0,1
2023-08-27,P001,Rice 5kg,S01,15,200,250,90,30,0,1
2023-08-27,P002,Milk 1L,S02,41,35,50,97,50,0,1
2023-08-27,P003,Wheat 5kg,S01,45,180,230,144,40,0,1
2023-08-27,P004,Sugar 1kg,S03,25,40,60,103,60,0,1
2023-08-28,P001,Rice 5kg,S01,19,200,250,116,30,0,0
2023-08-28,P002,Milk 1L,S02,29,35,50,46,50,0,0
2023-08-28,P003,Wheat 5kg,S01,17,180,230,149,40,0,0
2023-08-28,P004,Sugar 1kg,S03,42,40,60,97,60,0,0
2023-08-29,P001,Rice 5kg,S01,46,200,250,53,30,0,0
2023-08-29,P002,Milk 1L,S02,36,35,50,50,50,1,0
2023-08-29,P003,Wheat 5kg,S01,20,180,230,199,40,0,0
2023-08-29,P004,Sugar 1kg,S03,50,40,60,177,60,1,0
2023-08-30,P001,Rice 5kg,S01,25,200,250,189,30,0,0
2023-08-30,P002,Milk 1L,S02,22,35,50,34,50,0,0
2023-08-30,P003,Wheat 5kg,S01,31,180,230,149,40,0,0
2023-08-30,P004,Sugar 1kg,S03,15,40,60,41,60,0,0
2023-08-31,P001,Rice 5kg,S01,32,200,250,120,30,0,0
2023-08-31,P002,Milk 1L,S02,40,35,50,129,50,0,0
2023-08-31,P003,Wheat 5kg,S01,22,180,230,115,40,0,0
2023-08-31,P004,Sugar 1kg,S03,30,40,60,136,60,0,0
2023-09-01,P001,Rice 5kg,S01,33,200,250,168,30,0,0
2023-09-01,P002,Milk 1L,S02,39,35,50,37,50,0,0
2023-09-01,P003,Wheat 5kg,S01,38,180,230,92,40,1,0
2023-09-01,P004,Sugar 1kg,S03,35,40,60,167,60,0,0
2023-09-02,P001,Rice 5kg,S01,15,200,250,38,30,0,1
2023-09-02,P002,Milk 1L,S02,34,35,50,111,50,0,1
2023-09-02,P003,Wheat 5kg,S01,41,180,230,61,40,0,1
2023-09-02,P004,Sugar 1kg,S03,41,40,60,150,60,0,1
2023-09-03,P001,Rice 5kg,S01,33,200,250,136,30,0,1
2023-09-03,P002,Milk 1L,S02,43,35,50,29,50,0,1
2023-09-03,P003,Wheat 5kg,S01,24,180,230,111,40,0,1
2023-09-03,P004,Sugar 1kg,S03,23,40,60,62,60,0,1
2023-09-04,P001,Rice 5kg,S01,20,200,250,64,30,0,0
2023-09-04,P002,Milk 1L,S02,20,35,50,49,50,0,0
2023-09-04,P003,Wheat 5kg,S01,35,180,230,145,40,0,0
2023-09-04,P004,Sugar 1kg,S03,35,40,60,187,60,0,0
2023-09-05,P001,Rice 5kg,S01,16,200,250,100,30,1,0
2023-09-05,P002,Milk 1L,S02,7,35,50,150,50,0,0
2023-09-05,P003,Wheat 5kg,S01,50,180,230,153,40,0,0
2023-09-05,P004,Sugar 1kg,S03,36,40,60,142,60,0,0
2023-09-06,P001,Rice 5kg,S01,48,200,250,25,30,0,0
2023-09-06,P002,Milk 1L,S02,39,35,50,141,50,0,0
2023-09-06,P003,Wheat 5kg,S01,37,180,230,36,40,0,0
2023-09-06,P004,Sugar 1kg,S03,15,40,60,91,60,1,0
2023-09-07,P001,Rice 5kg,S01,40,200,250,29,30,1,0
2023-09-07,P002,Milk 1L,S02,34,35,50,134,50,0,0
2023-09-07,P003,Wheat 5kg,S01,50,180,230,125,40,0,0
2023-09-07,P004,Sugar 1kg,S03,14,40,60,31,60,0,0
2023-09-08,P001,Rice 5kg,S01,36,200,250,30,30,0,0
2023-09-08,P002,Milk 1L,S02,21,35,50,158,50,0,0
2023-09-08,P003,Wheat 5kg,S01,38,180,230,27,40,0,0
2023-09-08,P004,Sugar 1kg,S03,21,40,60,105,60,0,0
2023-09-09,P001,Rice 5kg,S01,39,200,250,185,30,1,1
2023-09-09,P002,Milk 1L,S02,28,35,50,141,50,0,1
2023-09-09,P003,Wheat 5kg,S01,47,180,230,168,40,0,1
2023-09-09,P004,Sugar 1kg,S03,26,40,60,52,60,0,1
2023-09-10,P001,Rice 5kg,S01,28,200,250,67,30,0,1
2023-09-10,P002,Milk 1L,S02,19,35,50,51,50,1,1
2023-09-10,P003,Wheat 5kg,S01,26,180,230,199,40,0,1
2023-09-10,P004,Sugar 1kg,S03,24,40,60,52,60,1,1
2023-09-11,P001,Rice 5kg,S01,19,200,250,103,30,0,0
2023-09-11,P002,Milk 1L,S02,24,35,50,144,50,1,0
2023-09-11,P003,Wheat 5kg,S01,25,180,230,180,40,0,0
2023-09-11,P004,Sugar 1kg,S03,49,40,60,113,60,0,0
2023-09-12,P001,Rice 5kg,S01,28,200,250,159,30,1,0
2023-09-12,P002,Milk 1L,S02,12,35,50,173,50,0,0
2023-09-12,P003,Wheat 5kg,S01,19,180,230,123,40,0,0
2023-09-12,P004,Sugar 1kg,S03,28,40,60,101,60,0,0
2023-09-13,P001,Rice 5kg,S01,34,200,250,154,30,1,0
2023-09-13,P002,Milk 1L,S02,30,35,50,92,50,0,0
2023-09-13,P003,Wheat 5kg,S01,47,180,230,71,40,0,0
2023-09-13,P004,Sugar 1kg,S03,28,40,60,162,60,0,0
2023-09-14,P001,Rice 5kg,S01,28,200,250,127,30,0,0
2023-09-14,P002,Milk 1L,S02,41,35,50,187,50,0,0
2023-09-14,P003,Wheat 5kg,S01,23,180,230,123,40,0,0
2023-09-14,P004,Sugar 1kg,S03,30,40,60,28,60,0,0
2023-09-15,P001,Rice 5kg,S01,44,200,250,129,30,0,0
2023-09-15,P002,Milk 1L,S02,62,35,50,97,50,0,0
2023-09-15,P003,Wheat 5kg,S01,42,180,230,75,40,0,0
2023-09-15,P004,Sugar 1kg,S03,58,40,60,140,60,0,0
2023-09-16,P001,Rice 5kg,S01,14,200,250,70,30,0,1
2023-09-16,P002,Milk 1L,S02,19,35,50,55,50,1,1
2023-09-16,P003,Wheat 5kg,S01,17,180,230,28,40,1,1
2023-09-16,P004,Sugar 1kg,S03,31,40,60,140,60,0,1
2023-09-17,P001,Rice 5kg,S01,21,200,250,192,30,0,1
2023-09-17,P002,Milk 1L,S02,32,35,50,88,50,0,1
2023-09-17,P003,Wheat 5kg,S01,6,180,230,131,40,1,1
2023-09-17,P004,Sugar 1kg,S03,34,40,60,186,60,0,1
2023-09-18,P001,Rice 5kg,S01,53,200,250,78,30,0,0
2023-09-18,P002,Milk 1L,S02,11,35,50,178,50,0,0
2023-09-18,P003,Wheat 5kg,S01,51,180,230,99,40,0,0
2023-09-18,P004,Sugar 1kg,S03,28,40,60,177,60,1,0
2023-09-19,P001,Rice 5kg,S01,34,200,250,143,30,0,0
2023-09-19,P002,Milk 1L,S02,29,35,50,178,50,0,0
2023-09-19,P003,Wheat 5kg,S01,29,180,230,56,40,1,0
2023-09-19,P004,Sugar 1kg,S03,41,40,60,183,60,0,0
2023-09-20,P001,Rice 5kg,S01,27,200,250,191,30,0,0
2023-09-20,P002,Milk 1L,S02,50,35,50,61,50,0,0
2023-09-20,P003,Wheat 5kg,S01,58,180,230,121,40,0,0
2023-09-20,P004,Sugar 1kg,S03,21,40,60,97,60,0,0
2023-09-21,P001,Rice 5kg,S01,20,200,250,77,30,0,0
2023-09-21,P002,Milk 1L,S02,38,35,50,190,50,0,0
2023-09-21,P003,Wheat 5kg,S01,46,180,230,116,40,0,0
2023-09-21,P004,Sugar 1kg,S03,44,40,60,25,60,1,0
2023-09-22,P001,Rice 5kg,S01,14,200,250,146,30,0,0
2023-09-22,P002,Milk 1L,S02,40,35,50,40,50,0,0
2023-09-22,P003,Wheat 5kg,S01,17,180,230,189,40,0,0
2023-09-22,P004,Sugar 1kg,S03,41,40,60,74,60,0,0
2023-09-23,P001,Rice 5kg,S01,57,200,250,106,30,0,1
2023-09-23,P002,Milk 1L,S02,17,35,50,137,50,0,1
2023-09-23,P003,Wheat 5kg,S01,34,180,230,21,40,0,1
2023-09-23,P004,Sugar 1kg,S03,50,40,60,136,60,1,1
2023-09-24,P001,Rice 5kg,S01,16,200,250,192,30,0,1
2023-09-24,P002,Milk 1L,S02,41,35,50,48,50,0,1
2023-09-24,P003,Wheat 5kg,S01,36,180,230,76,40,0,1
2023-09-24,P004,Sugar 1kg,S03,25,40,60,118,60,0,1
2023-09-25,P001,Rice 5kg,S01,8,200,250,34,30,0,0
2023-09-25,P002,Milk 1L,S02,45,35,50,95,50,0,0
2023-09-25,P003,Wheat 5kg,S01,25,180,230,66,40,0,0
2023-09-25,P004,Sugar 1kg,S03,44,40,60,165,60,1,0
2023-09-26,P001,Rice 5kg,S01,42,200,250,186,30,1,0
2023-09-26,P002,Milk 1L,S02,34,35,50,181,50,0,0
2023-09-26,P003,Wheat 5kg,S01,20,180,230,156,40,1,0
2023-09-26,P004,Sugar 1kg,S03,14,40,60,23,60,1,0
2023-09-27,P001,Rice 5kg,S01,42,200,250,169,30,0,0
2023-09-27,P002,Milk 1L,S02,24,35,50,107,50,0,0
2023-09-27,P003,Wheat 5kg,S01,14,180,230,152,40,0,0
2023-09-27,P004,Sugar 1kg,S03,53,40,60,93,60,0,0
2023-09-28,P001,Rice 5kg,S01,22,200,250,138,30,0,0
2023-09-28,P002,Milk 1L,S02,45,35,50,89,50,1,0
2023-09-28,P003,Wheat 5kg,S01,35,180,230,93,40,0,0
2023-09-28,P004,Sugar 1kg,S03,21,40,60,32,60,0,0
2023-09-29,P001,Rice 5kg,S01,7,200,250,71,30,0,0
2023-09-29,P002,Milk 1L,S02,17,35,50,40,50,0,0
2023-09-29,P003,Wheat 5kg,S01,18,180,230,87,40,0,0
2023-09-29,P004,Sugar 1kg,S03,54,40,60,75,60,0,0
2023-09-30,P001,Rice 5kg,S01,38,200,250,160,30,0,1
2023-09-30,P002,Milk 1L,S02,21,35,50,100,50,0,1
2023-09-30,P003,Wheat 5kg,S01,21,180,230,190,40,1,1
2023-09-30,P004,Sugar 1kg,S03,28,40,60,159,60,0,1
2023-10-01,P001,Rice 5kg,S01,35,200,250,76,30,0,1
2023-10-01,P002,Milk 1L,S02,21,35,50,76,50,0,1
2023-10-01,P003,Wheat 5kg,S01,26,180,230,139,40,0,1
2023-10-01,P004,Sugar 1kg,S03,23,40,60,157,60,0,1
2023-10-02,P001,Rice 5kg,S01,42,200,250,90,30,0,0
2023-10-02,P002,Milk 1L,S02,11,35,50,197,50,0,0
2023-10-02,P003,Wheat 5kg,S01,27,180,230,110,40,0,0
2023-10-02,P004,Sugar 1kg,S03,54,40,60,108,60,0,0
2023-10-03,P001,Rice 5kg,S01,38,200,250,52,30,0,0
2023-10-03,P002,Milk 1L,S02,8,35,50,83,50,0,0
2023-10-03,P003,Wheat 5kg,S01,22,180,230,121,40,0,0
2023-10-03,P004,Sugar 1kg,S03,37,40,60,78,60,1,0
2023-10-04,P001,Rice 5kg,S01,39,200,250,77,30,0,0
2023-10-04,P002,Milk 1L,S02,30,35,50,72,50,0,0
2023-10-04,P003,Wheat 5kg,S01,22,180,230,162,40,0,0
2023-10-04,P004,Sugar 1kg,S03,41,40,60,144,60,0,0
2023-10-05,P001,Rice 5kg,S01,53,200,250,121,30,1,0
2023-10-05,P002,Milk 1L,S02,26,35,50,142,50,0,0
2023-10-05,P003,Wheat 5kg,S01,45,180,230,148,40,1,0
2023-10-05,P004,Sugar 1kg,S03,49,40,60,149,60,1,0
2023-10-06,P001,Rice 5kg,S01,10,200,250,178,30,0,0
2023-10-06,P002,Milk 1L,S02,20,35,50,89,50,1,0
2023-10-06,P003,Wheat 5kg,S01,12,180,230,109,40,0,0
2023-10-06,P004,Sugar 1kg,S03,32,40,60,142,60,0,0
2023-10-07,P001,Rice 5kg,S01,26,200,250,114,30,1,1
2023-10-07,P002,Milk 1L,S02,24,35,50,174,50,1,1
2023-10-07,P003,Wheat 5kg,S01,41,180,230,83,40,0,1
2023-10-07,P004,Sugar 1kg,S03,20,40,60,77,60,0,1
2023-10-08,P001,Rice 5kg,S01,39,200,250,173,30,0,1
2023-10-08,P002,Milk 1L,S02,32,35,50,56,50,0,1
2023-10-08,P003,Wheat 5kg,S01,30,180,230,121,40,0,1
2023-10-08,P004,Sugar 1kg,S03,48,40,60,110,60,0,1
2023-10-09,P001,Rice 5kg,S01,34,200,250,91,30,0,0
2023-10-09,P002,Milk 1L,S02,19,35,50,124,50,0,0
2023-10-09,P003,Wheat 5kg,S01,7,180,230,86,40,0,0
2023-10-09,P004,Sugar 1kg,S03,18,40,60,101,60,1,0
2023-10-10,P001,Rice 5kg,S01,23,200,250,43,30,0,0
2023-10-10,P002,Milk 1L,S02,7,35,50,74,50,0,0
2023-10-10,P003,Wheat 5kg,S01,33,180,230,96,40,0,0
2023-10-10,P004,Sugar 1kg,S03,23,40,60,35,60,0,0
2023-10-11,P001,Rice 5kg,S01,18,200,250,30,30,1,0
2023-10-11,P002,Milk 1L,S02,31,35,50,160,50,1,0
2023-10-11,P003,Wheat 5kg,S01,26,180,230,68,40,1,0
2023-10-11,P004,Sugar 1kg,S03,61,40,60,146,60,0,0
2023-10-12,P001,Rice 5kg,S01,13,200,250,51,30,0,0
2023-10-12,P002,Milk 1L,S02,10,35,50,49,50,0,0
2023-10-12,P003,Wheat 5kg,S01,34,180,230,88,40,0,0
2023-10-12,P004,Sugar 1kg,S03,30,40,60,120,60,0,0
2023-10-13,P001,Rice 5kg,S01,34,200,250,197,30,0,0
2023-10-13,P002,Milk 1L,S02,28,35,50,147,50,0,0
2023-10-13,P003,Wheat 5kg,S01,38,180,230,36,40,1,0
2023-10-13,P004,Sugar 1kg,S03,32,40,60,68,60,0,0
2023-10-14,P001,Rice 5kg,S01,26,200,250,21,30,0,1
2023-10-14,P002,Milk 1L,S02,27,35,50,33,50,0,1
2023-10-14,P003,Wheat 5kg,S01,45,180,230,51,40,1,1
2023-10-14,P004,Sugar 1kg,S03,38,40,60,196,60,0,1
2023-10-15,P001,Rice 5kg,S01,54,200,250,48,30,0,1
2023-10-15,P002,Milk 1L,S02,21,35,50,189,50,0,1
2023-10-15,P003,Wheat 5kg,S01,34,180,230,196,40,1,1
2023-10-15,P004,Sugar 1kg,S03,31,40,60,121,60,0,1
2023-10-16,P001,Rice 5kg,S01,35,200,250,131,30,1,0
2023-10-16,P002,Milk 1L,S02,35,35,50,116,50,1,0
2023-10-16,P003,Wheat 5kg,S01,35,180,230,152,40,0,0
2023-10-16,P004,Sugar 1kg,S03,37,40,60,52,60,0,0
2023-10-17,P001,Rice 5kg,S01,33,200,250,49,30,0,0
2023-10-17,P002,Milk 1L,S02,10,35,50,63,50,0,0
2023-10-17,P003,Wheat 5kg,S01,28,180,230,60,40,0,0
2023-10-17,P004,Sugar 1kg,S03,41,40,60,96,60,1,0
2023-10-18,P001,Rice 5kg,S01,22,200,250,181,30,0,0
2023-10-18,P002,Milk 1L,S02,11,35,50,86,50,1,0
2023-10-18,P003,Wheat 5kg,S01,37,180,230,62,40,0,0
2023-10-18,P004,Sugar 1kg,S03,20,40,60,122,60,1,0
2023-10-19,P001,Rice 5kg,S01,20,200,250,65,30,0,0
2023-10-19,P002,Milk 1L,S02,33,35,50,143,50,0,0
2023-10-19,P003,Wheat 5kg,S01,41,180,230,91,40,0,0
2023-10-19,P004,Sugar 1kg,S03,35,40,60,189,60,0,0
2023-10-20,P001,Rice 5kg,S01,41,200,250,130,30,1,0
2023-10-20,P002,Milk 1L,S02,17,35,50,152,50,0,0
2023-10-20,P003,Wheat 5kg,S01,15,180,230,32,40,0,0
2023-10-20,P004,Sugar 1kg,S03,35,40,60,195,60,0,0
2023-10-21,P001,Rice 5kg,S01,43,200,250,69,30,0,1
2023-10-21,P002,Milk 1L,S02,35,35,50,93,50,0,1
2023-10-21,P003,Wheat 5kg,S01,33,180,230,25,40,0,1
2023-10-21,P004,Sugar 1kg,S03,23,40,60,170,60,0,1
2023-10-22,P001,Rice 5kg,S01,38,200,250,157,30,0,1
2023-10-22,P002,Milk 1L,S02,13,35,50,32,50,1,1
2023-10-22,P003,Wheat 5kg,S01,34,180,230,139,40,1,1
2023-10-22,P004,Sugar 1kg,S03,22,40,60,158,60,0,1
2023-10-23,P001,Rice 5kg,S01,16,200,250,82,30,0,0
2023-10-23,P002,Milk 1L,S02,13,35,50,192,50,0,0
2023-10-23,P003,Wheat 5kg,S01,31,180,230,77,40,0,0
2023-10-23,P004,Sugar 1kg,S03,47,40,60,114,60,0,0
2023-10-24,P001,Rice 5kg,S01,23,200,250,85,30,0,0
2023-10-24,P002,Milk 1L,S02,40,35,50,97,50,0,0
2023-10-24,P003,Wheat 5kg,S01,6,180,230,165,40,0,0
2023-10-24,P004,Sugar 1kg,S03,25,40,60,46,60,1,0
2023-10-25,P001,Rice 5kg,S01,15,200,250,47,30,1,0
2023-10-25,P002,Milk 1L,S02,46,35,50,65,50,1,0
2023-10-25,P003,Wheat 5kg,S01,32,180,230,178,40,0,0
2023-10-25,P004,Sugar 1kg,S03,40,40,60,140,60,0,0
2023-10-26,P001,Rice 5kg,S01,47,200,250,40,30,0,0
2023-10-26,P002,Milk 1L,S02,29,35,50,57,50,0,0
2023-10-26,P003,Wheat 5kg,S01,34,180,230,188,40,0,0
2023-10-26,P004,Sugar 1kg,S03,43,40,60,166,60,0,0
2023-10-27,P001,Rice 5kg,S01,24,200,250,113,30,0,0
2023-10-27,P002,Milk 1L,S02,27,35,50,150,50,0,0
2023-10-27,P003,Wheat 5kg,S01,29,180,230,180,40,0,0
2023-10-27,P004,Sugar 1kg,S03,30,40,60,95,60,0,0
2023-10-28,P001,Rice 5kg,S01,54,200,250,191,30,0,1
2023-10-28,P002,Milk 1L,S02,23,35,50,34,50,0,1
2023-10-28,P003,Wheat 5kg,S01,11,180,230,43,40,1,1
2023-10-28,P004,Sugar 1kg,S03,34,40,60,79,60,0,1
2023-10-29,P001,Rice 5kg,S01,36,200,250,170,30,1,1
2023-10-29,P002,Milk 1L,S02,24,35,50,164,50,0,1
2023-10-29,P003,Wheat 5kg,S01,24,180,230,177,40,1,1
2023-10-29,P004,Sugar 1kg,S03,45,40,60,52,60,1,1
2023-10-30,P001,Rice 5kg,S01,28,200,250,36,30,1,0
2023-10-30,P002,Milk 1L,S02,19,35,50,103,50,0,0
2023-10-30,P003,Wheat 5kg,S01,16,180,230,146,40,0,0
2023-10-30,P004,Sugar 1kg,S03,14,40,60,187,60,0,0
2023-10-31,P001,Rice 5kg,S01,43,200,250,36,30,0,0
2023-10-31,P002,Milk 1L,S02,14,35,50,85,50,0,0
2023-10-31,P003,Wheat 5kg,S01,45,180,230,74,40,0,0
2023-10-31,P004,Sugar 1kg,S03,21,40,60,45,60,1,0
2023-11-01,P001,Rice 5kg,S01,14,200,250,78,30,1,0
2023-11-01,P002,Milk 1L,S02,34,35,50,43,50,1,0
2023-11-01,P003,Wheat 5kg,S01,34,180,230,101,40,0,0
2023-11-01,P004,Sugar 1kg,S03,50,40,60,83,60,0,0
2023-11-02,P001,Rice 5kg,S01,19,200,250,118,30,0,0
2023-11-02,P002,Milk 1L,S02,24,35,50,119,50,0,0
2023-11-02,P003,Wheat 5kg,S01,22,180,230,120,40,0,0
2023-11-02,P004,Sugar 1kg,S03,39,40,60,149,60,0,0
2023-11-03,P001,Rice 5kg,S01,15,200,250,78,30,1,0
2023-11-03,P002,Milk 1L,S02,23,35,50,37,50,0,0
2023-11-03,P003,Wheat 5kg,S01,23,180,230,158,40,0,0
2023-11-03,P004,Sugar 1kg,S03,16,40,60,175,60,0,0
2023-11-04,P001,Rice 5kg,S01,38,200,250,67,30,1,1
2023-11-04,P002,Milk 1L,S02,36,35,50,23,50,0,1
2023-11-04,P003,Wheat 5kg,S01,8,180,230,116,40,0,1
2023-11-04,P004,Sugar 1kg,S03,32,40,60,86,60,1,1
2023-11-05,P001,Rice 5kg,S01,16,200,250,170,30,0,1
2023-11-05,P002,Milk 1L,S02,47,35,50,25,50,0,1
2023-11-05,P003,Wheat 5kg,S01,36,180,230,53,40,1,1
2023-11-05,P004,Sugar 1kg,S03,27,40,60,84,60,1,1
2023-11-06,P001,Rice 5kg,S01,17,200,250,143,30,0,0
2023-11-06,P002,Milk 1L,S02,39,35,50,182,50,0,0
2023-11-06,P003,Wheat 5kg,S01,37,180,230,43,40,0,0
2023-11-06,P004,Sugar 1kg,S03,14,40,60,68,60,0,0
2023-11-07,P001,Rice 5kg,S01,15,200,250,56,30,0,0
2023-11-07,P002,Milk 1L,S02,42,35,50,72,50,0,0
2023-11-07,P003,Wheat 5kg,S01,6,180,230,172,40,0,0
2023-11-07,P004,Sugar 1kg,S03,35,40,60,102,60,0,0
2023-11-08,P001,Rice 5kg,S01,19,200,250,170,30,1,0
2023-11-08,P002,Milk 1L,S02,44,35,50,67,50,0,0
2023-11-08,P003,Wheat 5kg,S01,38,180,230,166,40,1,0
2023-11-08,P004,Sugar 1kg,S03,22,40,60,87,60,0,0
2023-11-09,P001,Rice 5kg,S01,40,200,250,180,30,1,0
2023-11-09,P002,Milk 1L,S02,34,35,50,124,50,0,0
2023-11-09,P003,Wheat 5kg,S01,13,180,230,120,40,0,0
2023-11-09,P004,Sugar 1kg,S03,50,40,60,123,60,1,0
2023-11-10,P001,Rice 5kg,S01,46,200,250,52,30,0,0
2023-11-10,P002,Milk 1L,S02,49,35,50,76,50,0,0
2023-11-10,P003,Wheat 5kg,S01,13,180,230,73,40,1,0
2023-11-10,P004,Sugar 1kg,S03,30,40,60,193,60,0,0
2023-11-11,P001,Rice 5kg,S01,36,200,250,182,30,0,1
2023-11-11,P002,Milk 1L,S02,48,35,50,111,50,0,1
2023-11-11,P003,Wheat 5kg,S01,43,180,230,180,40,0,1
2023-11-11,P004,Sugar 1kg,S03,22,40,60,132,60,0,1
2023-11-12,P001,Rice 5kg,S01,27,200,250,25,30,0,1
2023-11-12,P002,Milk 1L,S02,23,35,50,65,50,0,1
2023-11-12,P003,Wheat 5kg,S01,27,180,230,31,40,1,1
2023-11-12,P004,Sugar 1kg,S03,38,40,60,58,60,0,1
2023-11-13,P001,Rice 5kg,S01,27,200,250,75,30,0,0
2023-11-13,P002,Milk 1L,S02,42,35,50,199,50,0,0
2023-11-13,P003,Wheat 5kg,S01,31,180,230,41,40,0,0
2023-11-13,P004,Sugar 1kg,S03,35,40,60,74,60,0,0
2023-11-14,P001,Rice 5kg,S01,36,200,250,96,30,0,0
2023-11-14,P002,Milk 1L,S02,46,35,50,133,50,0,0
2023-11-14,P003,Wheat 5kg,S01,38,180,230,52,40,1,0
2023-11-14,P004,Sugar 1kg,S03,23,40,60,131,60,0,0
2023-11-15,P001,Rice 5kg,S01,42,200,250,175,30,0,0
2023-11-15,P002,Milk 1L,S02,54,35,50,86,50,1,0
2023-11-15,P003,Wheat 5kg,S01,43,180,230,145,40,0,0
2023-11-15,P004,Sugar 1kg,S03,38,40,60,131,60,0,0
2023-11-16,P001,Rice 5kg,S01,33,200,250,125,30,0,0
2023-11-16,P002,Milk 1L,S02,39,35,50,38,50,0,0
2023-11-16,P003,Wheat 5kg,S01,15,180,230,124,40,0,0
2023-11-16,P004,Sugar 1kg,S03,37,40,60,164,60,0,0
2023-11-17,P001,Rice 5kg,S01,46,200,250,108,30,0,0
2023-11-17,P002,Milk 1L,S02,23,35,50,81,50,0,0
2023-11-17,P003,Wheat 5kg,S01,29,180,230,109,40,0,0
2023-11-17,P004,Sugar 1kg,S03,40,40,60,167,60,0,0
2023-11-18,P001,Rice 5kg,S01,21,200,250,27,30,0,1
2023-11-18,P002,Milk 1L,S02,24,35,50,94,50,0,1
2023-11-18,P003,Wheat 5kg,S01,29,180,230,53,40,0,1
2023-11-18,P004,Sugar 1kg,S03,41,40,60,150,60,0,1
2023-11-19,P001,Rice 5kg,S01,26,200,250,127,30,1,1
2023-11-19,P002,Milk 1L,S02,19,35,50,64,50,0,1
2023-11-19,P003,Wheat 5kg,S01,50,180,230,30,40,0,1
2023-11-19,P004,Sugar 1kg,S03,48,40,60,123,60,0,1
2023-11-20,P001,Rice 5kg,S01,34,200,250,83,30,0,0
2023-11-20,P002,Milk 1L,S02,9,35,50,199,50,0,0
2023-11-20,P003,Wheat 5kg,S01,40,180,230,157,40,0,0
2023-11-20,P004,Sugar 1kg,S03,9,40,60,135,60,0,0
2023-11-21,P001,Rice 5kg,S01,27,200,250,112,30,0,0
2023-11-21,P002,Milk 1L,S02,38,35,50,160,50,1,0
2023-11-21,P003,Wheat 5kg,S01,54,180,230,178,40,1,0
2023-11-21,P004,Sugar 1kg,S03,26,40,60,76,60,0,0
2023-11-22,P001,Rice 5kg,S01,51,200,250,35,30,0,0
2023-11-22,P002,Milk 1L,S02,54,35,50,96,50,1,0
2023-11-22,P003,Wheat 5kg,S01,28,180,230,90,40,1,0
2023-11-22,P004,Sugar 1kg,S03,27,40,60,89,60,1,0
2023-11-23,P001,Rice 5kg,S01,43,200,250,172,30,0,0
2023-11-23,P002,Milk 1L,S02,10,35,50,111,50,0,0
2023-11-23,P003,Wheat 5kg,S01,10,180,230,71,40,0,0
2023-11-23,P004,Sugar 1kg,S03,20,40,60,129,60,0,0
2023-11-24,P001,Rice 5kg,S01,55,200,250,172,30,0,0
2023-11-24,P002,Milk 1L,S02,24,35,50,168,50,0,0
2023-11-24,P003,Wheat 5kg,S01,43,180,230,186,40,0,0
2023-11-24,P004,Sugar 1kg,S03,18,40,60,65,60,0,0
2023-11-25,P001,Rice 5kg,S01,15,200,250,27,30,0,1
2023-11-25,P002,Milk 1L,S02,42,35,50,169,50,0,1
2023-11-25,P003,Wheat 5kg,S01,40,180,230,96,40,0,1
2023-11-25,P004,Sugar 1kg,S03,20,40,60,82,60,0,1
2023-11-26,P001,Rice 5kg,S01,39,200,250,175,30,0,1
2023-11-26,P002,Milk 1L,S02,25,35,50,106,50,0,1
2023-11-26,P003,Wheat 5kg,S01,20,180,230,93,40,0,1
2023-11-26,P004,Sugar 1kg,S03,11,40,60,56,60,0,1
2023-11-27,P001,Rice 5kg,S01,15,200,250,172,30,0,0
2023-11-27,P002,Milk 1L,S02,29,35,50,121,50,0,0
2023-11-27,P003,Wheat 5kg,S01,45,180,230,55,40,0,0
2023-11-27,P004,Sugar 1kg,S03,51,40,60,58,60,0,0
2023-11-28,P001,Rice 5kg,S01,36,200,250,165,30,1,0
2023-11-28,P002,Milk 1L,S02,32,35,50,29,50,0,0
2023-11-28,P003,Wheat 5kg,S01,41,180,230,86,40,0,0
2023-11-28,P004,Sugar 1kg,S03,19,40,60,157,60,0,0
2023-11-29,P001,Rice 5kg,S01,12,200,250,124,30,0,0
2023-11-29,P002,Milk 1L,S02,51,35,50,90,50,0,0
2023-11-29,P003,Wheat 5kg,S01,12,180,230,20,40,1,0
2023-11-29,P004,Sugar 1kg,S03,34,40,60,41,60,0,0
2023-11-30,P001,Rice 5kg,S01,6,200,250,33,30,1,0
2023-11-30,P002,Milk 1L,S02,11,35,50,43,50,0,0
2023-11-30,P003,Wheat 5kg,S01,21,180,230,84,40,0,0
2023-11-30,P004,Sugar 1kg,S03,40,40,60,73,60,0,0
2023-12-01,P001,Rice 5kg,S01,40,200,250,157,30,0,0
2023-12-01,P002,Milk 1L,S02,22,35,50,179,50,0,0
2023-12-01,P003,Wheat 5kg,S01,45,180,230,141,40,0,0
2023-12-01,P004,Sugar 1kg,S03,27,40,60,71,60,0,0
2023-12-02,P001,Rice 5kg,S01,30,200,250,92,30,0,1
2023-12-02,P002,Milk 1L,S02,20,35,50,169,50,0,1
2023-12-02,P003,Wheat 5kg,S01,46,180,230,145,40,0,1
2023-12-02,P004,Sugar 1kg,S03,22,40,60,56,60,1,1
2023-12-03,P001,Rice 5kg,S01,52,200,250,144,30,1,1
2023-12-03,P002,Milk 1L,S02,38,35,50,126,50,1,1
2023-12-03,P003,Wheat 5kg,S01,26,180,230,96,40,1,1
2023-12-03,P004,Sugar 1kg,S03,34,40,60,195,60,0,1
2023-12-04,P001,Rice 5kg,S01,33,200,250,144,30,0,0
2023-12-04,P002,Milk 1L,S02,29,35,50,88,50,0,0
2023-12-04,P003,Wheat 5kg,S01,31,180,230,75,40,0,0
2023-12-04,P004,Sugar 1kg,S03,28,40,60,181,60,1,0
2023-12-05,P001,Rice 5kg,S01,34,200,250,50,30,1,0
2023-12-05,P002,Milk 1L,S02,39,35,50,98,50,0,0
2023-12-05,P003,Wheat 5kg,S01,48,180,230,70,40,0,0
2023-12-05,P004,Sugar 1kg,S03,32,40,60,58,60,0,0
2023-12-06,P001,Rice 5kg,S01,21,200,250,157,30,0,0
2023-12-06,P002,Milk 1L,S02,49,35,50,117,50,0,0
2023-12-06,P003,Wheat 5kg,S01,16,180,230,20,40,0,0
2023-12-06,P004,Sugar 1kg,S03,21,40,60,132,60,0,0
2023-12-07,P001,Rice 5kg,S01,16,200,250,118,30,0,0
2023-12-07,P002,Milk 1L,S02,47,35,50,197,50,0,0
2023-12-07,P003,Wheat 5kg,S01,26,180,230,67,40,0,0
2023-12-07,P004,Sugar 1kg,S03,32,40,60,141,60,1,0
2023-12-08,P001,Rice 5kg,S01,26,200,250,41,30,0,0
2023-12-08,P002,Milk 1L,S02,9,35,50,34,50,0,0
2023-12-08,P003,Wheat 5kg,S01,25,180,230,166,40,0,0
2023-12-08,P004,Sugar 1kg,S03,27,40,60,93,60,0,0
2023-12-09,P001,Rice 5kg,S01,49,200,250,61,30,0,1
2023-12-09,P002,Milk 1L,S02,8,35,50,131,50,0,1
2023-12-09,P003,Wheat 5kg,S01,33,180,230,82,40,0,1
2023-12-09,P004,Sugar 1kg,S03,27,40,60,41,60,1,1
2023-12-10,P001,Rice 5kg,S01,29,200,250,42,30,0,1
2023-12-10,P002,Milk 1L,S02,28,35,50,175,50,0,1
2023-12-10,P003,Wheat 5kg,S01,25,180,230,78,40,0,1
2023-12-10,P004,Sugar 1kg,S03,7,40,60,141,60,0,1
2023-12-11,P001,Rice 5kg,S01,7,200,250,118,30,1,0
2023-12-11,P002,Milk 1L,S02,29,35,50,164,50,0,0
2023-12-11,P003,Wheat 5kg,S01,13,180,230,48,40,1,0
2023-12-11,P004,Sugar 1kg,S03,23,40,60,77,60,0,0
2023-12-12,P001,Rice 5kg,S01,26,200,250,38,30,1,0
2023-12-12,P002,Milk 1L,S02,19,35,50,105,50,0,0
2023-12-12,P003,Wheat 5kg,S01,31,180,230,113,40,0,0
2023-12-12,P004,Sugar 1kg,S03,49,40,60,199,60,0,0
2023-12-13,P001,Rice 5kg,S01,36,200,250,113,30,1,0
2023-12-13,P002,Milk 1L,S02,30,35,50,87,50,0,0
2023-12-13,P003,Wheat 5kg,S01,16,180,230,67,40,0,0
2023-12-13,P004,Sugar 1kg,S03,50,40,60,77,60,0,0
2023-12-14,P001,Rice 5kg,S01,27,200,250,47,30,0,0
2023-12-14,P002,Milk 1L,S02,23,35,50,161,50,0,0
2023-12-14,P003,Wheat 5kg,S01,19,180,230,171,40,0,0
2023-12-14,P004,Sugar 1kg,S03,26,40,60,62,60,0,0
2023-12-15,P001,Rice 5kg,S01,12,200,250,97,30,0,0
2023-12-15,P002,Milk 1L,S02,50,35,50,42,50,1,0
2023-12-15,P003,Wheat 5kg,S01,50,180,230,34,40,0,0
2023-12-15,P004,Sugar 1kg,S03,50,40,60,191,60,0,0
2023-12-16,P001,Rice 5kg,S01,38,200,250,107,30,0,1
2023-12-16,P002,Milk 1L,S02,11,35,50,44,50,1,1
2023-12-16,P003,Wheat 5kg,S01,42,180,230,80,40,0,1
2023-12-16,P004,Sugar 1kg,S03,23,40,60,80,60,0,1
2023-12-17,P001,Rice 5kg,S01,34,200,250,55,30,0,1
2023-12-17,P002,Milk 1L,S02,35,35,50,130,50,0,1
2023-12-17,P003,Wheat 5kg,S01,34,180,230,102,40,0,1
2023-12-17,P004,Sugar 1kg,S03,35,40,60,138,60,0,1
2023-12-18,P001,Rice 5kg,S01,25,200,250,60,30,0,0
2023-12-18,P002,Milk 1L,S02,13,35,50,163,50,0,0
2023-12-18,P003,Wheat 5kg,S01,32,180,230,165,40,1,0
2023-12-18,P004,Sugar 1kg,S03,21,40,60,190,60,0,0
2023-12-19,P001,Rice 5kg,S01,12,200,250,147,30,1,0
2023-12-19,P002,Milk 1L,S02,47,35,50,127,50,1,0
2023-12-19,P003,Wheat 5kg,S01,34,180,230,168,40,0,0
2023-12-19,P004,Sugar 1kg,S03,16,40,60,196,60,0,0
2023-12-20,P001,Rice 5kg,S01,26,200,250,152,30,0,0
2023-12-20,P002,Milk 1L,S02,28,35,50,197,50,1,0
2023-12-20,P003,Wheat 5kg,S01,11,180,230,33,40,0,0
2023-12-20,P004,Sugar 1kg,S03,18,40,60,91,60,0,0
2023-12-21,P001,Rice 5kg,S01,24,200,250,112,30,0,0
2023-12-21,P002,Milk 1L,S02,50,35,50,122,50,0,0
2023-12-21,P003,Wheat 5kg,S01,39,180,230,143,40,0,0
2023-12-21,P004,Sugar 1kg,S03,33,40,60,29,60,0,0
2023-12-22,P001,Rice 5kg,S01,25,200,250,36,30,0,0
2023-12-22,P002,Milk 1L,S02,20,35,50,194,50,0,0
2023-12-22,P003,Wheat 5kg,S01,12,180,230,77,40,0,0
2023-12-22,P004,Sugar 1kg,S03,25,40,60,177,60,0,0
2023-12-23,P001,Rice 5kg,S01,11,200,250,71,30,0,1
2023-12-23,P002,Milk 1L,S02,26,35,50,125,50,0,1
2023-12-23,P003,Wheat 5kg,S01,41,180,230,63,40,0,1
2023-12-23,P004,Sugar 1kg,S03,35,40,60,76,60,0,1
2023-12-24,P001,Rice 5kg,S01,23,200,250,89,30,0,1
2023-12-24,P002,Milk 1L,S02,32,35,50,76,50,0,1
2023-12-24,P003,Wheat 5kg,S01,43,180,230,150,40,0,1
2023-12-24,P004,Sugar 1kg,S03,35,40,60,140,60,0,1
2023-12-25,P001,Rice 5kg,S01,35,200,250,116,30,0,0
2023-12-25,P002,Milk 1L,S02,36,35,50,97,50,0,0
2023-12-25,P003,Wheat 5kg,S01,27,180,230,117,40,0,0
2023-12-25,P004,Sugar 1kg,S03,29,40,60,92,60,0,0
2023-12-26,P001,Rice 5kg,S01,18,200,250,32,30,1,0
2023-12-26,P002,Milk 1L,S02,33,35,50,43,50,0,0
2023-12-26,P003,Wheat 5kg,S01,40,180,230,119,40,0,0
2023-12-26,P004,Sugar 1kg,S03,23,40,60,172,60,1,0
2023-12-27,P001,Rice 5kg,S01,10,200,250,45,30,1,0
2023-12-27,P002,Milk 1L,S02,36,35,50,122,50,1,0
2023-12-27,P003,Wheat 5kg,S01,11,180,230,157,40,0,0
2023-12-27,P004,Sugar 1kg,S03,22,40,60,50,60,0,0
2023-12-28,P001,Rice 5kg,S01,47,200,250,67,30,0,0
2023-12-28,P002,Milk 1L,S02,10,35,50,88,50,0,0
2023-12-28,P003,Wheat 5kg,S01,13,180,230,128,40,1,0
2023-12-28,P004,Sugar 1kg,S03,36,40,60,112,60,0,0
2023-12-29,P001,Rice 5kg,S01,20,200,250,79,30,0,0
2023-12-29,P002,Milk 1L,S02,25,35,50,43,50,0,0
2023-12-29,P003,Wheat 5kg,S01,17,180,230,184,40,0,0
2023-12-29,P004,Sugar 1kg,S03,36,40,60,84,60,1,0
2023-12-30,P001,Rice 5kg,S01,37,200,250,129,30,1,1
2023-12-30,P002,Milk 1L,S02,18,35,50,75,50,0,1
2023-12-30,P003,Wheat 5kg,S01,29,180,230,89,40,1,1
2023-12-30,P004,Sugar 1kg,S03,8,40,60,133,60,0,1
2023-12-31,P001,Rice 5kg,S01,9,200,250,83,30,0,1
2023-12-31,P002,Milk 1L,S02,25,35,50,79,50,0,1
2023-12-31,P003,Wheat 5kg,S01,11,180,230,173,40,0,1
2023-12-31,P004,Sugar 1kg,S03,39,40,60,177,60,1,1
